Timestamp,1226
2015-05-01 00:00:00,170.8
2015-05-01 00:15:00,154
2015-05-01 00:30:00,161.6
2015-05-01 00:45:00,170
2015-05-01 01:00:00,165.2
2015-05-01 01:15:00,152.8
2015-05-01 01:30:00,166.8
2015-05-01 01:45:00,168.4
2015-05-01 02:00:00,164.8
2015-05-01 02:15:00,158
2015-05-01 02:30:00,168
2015-05-01 02:45:00,164.4
2015-05-01 03:00:00,167.2
2015-05-01 03:15:00,152.4
2015-05-01 03:30:00,171.2
2015-05-01 03:45:00,165.6
2015-05-01 04:00:00,168.8
2015-05-01 04:15:00,148.8
2015-05-01 04:30:00,168.8
2015-05-01 04:45:00,174.4
2015-05-01 05:00:00,174.4
2015-05-01 05:15:00,174.8
2015-05-01 05:30:00,167.6
2015-05-01 05:45:00,178.4
2015-05-01 06:00:00,180.8
2015-05-01 06:15:00,183.6
2015-05-01 06:30:00,179.6
2015-05-01 06:45:00,161.2
2015-05-01 07:00:00,177.2
2015-05-01 07:15:00,168
2015-05-01 07:30:00,169.2
2015-05-01 07:45:00,161.2
2015-05-01 08:00:00,164.4
2015-05-01 08:15:00,194
2015-05-01 08:30:00,193.2
2015-05-01 08:45:00,188.8
2015-05-01 09:00:00,188.4
2015-05-01 09:15:00,176
2015-05-01 09:30:00,188
2015-05-01 09:45:00,188
2015-05-01 10:00:00,185.6
2015-05-01 10:15:00,164.8
2015-05-01 10:30:00,187.6
2015-05-01 10:45:00,185.6
2015-05-01 11:00:00,170
2015-05-01 11:15:00,186.4
2015-05-01 11:30:00,188.4
2015-05-01 11:45:00,168.4
2015-05-01 12:00:00,186
2015-05-01 12:15:00,182.8
2015-05-01 12:30:00,168
2015-05-01 12:45:00,186.8
2015-05-01 13:00:00,173.2
2015-05-01 13:15:00,174
2015-05-01 13:30:00,188.4
2015-05-01 13:45:00,174
2015-05-01 14:00:00,185.6
2015-05-01 14:15:00,182.8
2015-05-01 14:30:00,178
2015-05-01 14:45:00,194
2015-05-01 15:00:00,180.8
2015-05-01 15:15:00,170.8
2015-05-01 15:30:00,193.6
2015-05-01 15:45:00,172
2015-05-01 16:00:00,189.6
2015-05-01 16:15:00,184
2015-05-01 16:30:00,181.6
2015-05-01 16:45:00,198.4
2015-05-01 17:00:00,175.2
2015-05-01 17:15:00,190
2015-05-01 17:30:00,187.2
2015-05-01 17:45:00,176
2015-05-01 18:00:00,196.4
2015-05-01 18:15:00,185.2
2015-05-01 18:30:00,184.8
2015-05-01 18:45:00,200.4
2015-05-01 19:00:00,200.8
2015-05-01 19:15:00,200
2015-05-01 19:30:00,214.4
2015-05-01 19:45:00,207.2
2015-05-01 20:00:00,196.8
2015-05-01 20:15:00,213.6
2015-05-01 20:30:00,214.4
2015-05-01 20:45:00,185.2
2015-05-01 21:00:00,199.2
2015-05-01 21:15:00,199.2
2015-05-01 21:30:00,170.4
2015-05-01 21:45:00,175.2
2015-05-01 22:00:00,180.4
2015-05-01 22:15:00,183.6
2015-05-01 22:30:00,165.2
2015-05-01 22:45:00,175.6
2015-05-01 23:00:00,179.6
2015-05-01 23:15:00,170.4
2015-05-01 23:30:00,159.6
2015-05-01 23:45:00,161.6
2015-05-02 00:00:00,172
2015-05-02 00:15:00,172.4
2015-05-02 00:30:00,174.4
2015-05-02 00:45:00,152.8
2015-05-02 01:00:00,169.6
2015-05-02 01:15:00,170.8
2015-05-02 01:30:00,168.8
2015-05-02 01:45:00,166
2015-05-02 02:00:00,149.6
2015-05-02 02:15:00,166.8
2015-05-02 02:30:00,168
2015-05-02 02:45:00,169.6
2015-05-02 03:00:00,168.8
2015-05-02 03:15:00,147.6
2015-05-02 03:30:00,168.8
2015-05-02 03:45:00,167.6
2015-05-02 04:00:00,172
2015-05-02 04:15:00,168.4
2015-05-02 04:30:00,150.4
2015-05-02 04:45:00,166.8
2015-05-02 05:00:00,173.6
2015-05-02 05:15:00,178
2015-05-02 05:30:00,176.8
2015-05-02 05:45:00,167.2
2015-05-02 06:00:00,182.4
2015-05-02 06:15:00,199.2
2015-05-02 06:30:00,189.6
2015-05-02 06:45:00,188.4
2015-05-02 07:00:00,176
2015-05-02 07:15:00,170.4
2015-05-02 07:30:00,178
2015-05-02 07:45:00,168.4
2015-05-02 08:00:00,204.4
2015-05-02 08:15:00,206.4
2015-05-02 08:30:00,220
2015-05-02 08:45:00,228
2015-05-02 09:00:00,241.2
2015-05-02 09:15:00,216.4
2015-05-02 09:30:00,219.2
2015-05-02 09:45:00,239.2
2015-05-02 10:00:00,224.8
2015-05-02 10:15:00,224.4
2015-05-02 10:30:00,238.8
2015-05-02 10:45:00,225.6
2015-05-02 11:00:00,237.6
2015-05-02 11:15:00,254.4
2015-05-02 11:30:00,252.4
2015-05-02 11:45:00,269.2
2015-05-02 12:00:00,247.6
2015-05-02 12:15:00,248.4
2015-05-02 12:30:00,246
2015-05-02 12:45:00,244.8
2015-05-02 13:00:00,233.2
2015-05-02 13:15:00,204.8
2015-05-02 13:30:00,199.2
2015-05-02 13:45:00,203.6
2015-05-02 14:00:00,178.8
2015-05-02 14:15:00,164.4
2015-05-02 14:30:00,162
2015-05-02 14:45:00,158
2015-05-02 15:00:00,163.6
2015-05-02 15:15:00,161.6
2015-05-02 15:30:00,163.2
2015-05-02 15:45:00,164.4
2015-05-02 16:00:00,155.6
2015-05-02 16:15:00,146
2015-05-02 16:30:00,150.4
2015-05-02 16:45:00,146
2015-05-02 17:00:00,146.4
2015-05-02 17:15:00,144.4
2015-05-02 17:30:00,142
2015-05-02 17:45:00,148.4
2015-05-02 18:00:00,134.4
2015-05-02 18:15:00,133.6
2015-05-02 18:30:00,128.8
2015-05-02 18:45:00,133.2
2015-05-02 19:00:00,138.4
2015-05-02 19:15:00,140.8
2015-05-02 19:30:00,145.6
2015-05-02 19:45:00,142.8
2015-05-02 20:00:00,147.2
2015-05-02 20:15:00,144.4
2015-05-02 20:30:00,151.6
2015-05-02 20:45:00,150.8
2015-05-02 21:00:00,149.6
2015-05-02 21:15:00,150.4
2015-05-02 21:30:00,148.4
2015-05-02 21:45:00,164.4
2015-05-02 22:00:00,150
2015-05-02 22:15:00,164
2015-05-02 22:30:00,157.6
2015-05-02 22:45:00,149.6
2015-05-02 23:00:00,166.4
2015-05-02 23:15:00,149.6
2015-05-02 23:30:00,160.4
2015-05-02 23:45:00,160.4
2015-05-03 00:00:00,151.6
2015-05-03 00:15:00,167.6
2015-05-03 00:30:00,150
2015-05-03 00:45:00,159.6
2015-05-03 01:00:00,170.4
2015-05-03 01:15:00,149.2
2015-05-03 01:30:00,169.6
2015-05-03 01:45:00,162.4
2015-05-03 02:00:00,151.6
2015-05-03 02:15:00,173.2
2015-05-03 02:30:00,151.6
2015-05-03 02:45:00,164.4
2015-05-03 03:00:00,169.2
2015-05-03 03:15:00,154.4
2015-05-03 03:30:00,167.2
2015-05-03 03:45:00,163.2
2015-05-03 04:00:00,150.4
2015-05-03 04:15:00,170
2015-05-03 04:30:00,161.2
2015-05-03 04:45:00,156.4
2015-05-03 05:00:00,174.8
2015-05-03 05:15:00,150.8
2015-05-03 05:30:00,162.8
2015-05-03 05:45:00,168.4
2015-05-03 06:00:00,148
2015-05-03 06:15:00,172.4
2015-05-03 06:30:00,162
2015-05-03 06:45:00,152.8
2015-05-03 07:00:00,162
2015-05-03 07:15:00,146
2015-05-03 07:30:00,146
2015-05-03 07:45:00,158.4
2015-05-03 08:00:00,138.4
2015-05-03 08:15:00,148.8
2015-05-03 08:30:00,156.8
2015-05-03 08:45:00,133.2
2015-05-03 09:00:00,156
2015-05-03 09:15:00,148
2015-05-03 09:30:00,137.2
2015-05-03 09:45:00,152.4
2015-05-03 10:00:00,145.6
2015-05-03 10:15:00,139.2
2015-05-03 10:30:00,153.6
2015-05-03 10:45:00,141.6
2015-05-03 11:00:00,139.6
2015-05-03 11:15:00,153.2
2015-05-03 11:30:00,128.8
2015-05-03 11:45:00,145.2
2015-05-03 12:00:00,144.8
2015-05-03 12:15:00,130.4
2015-05-03 12:30:00,156
2015-05-03 12:45:00,136.4
2015-05-03 13:00:00,138
2015-05-03 13:15:00,146
2015-05-03 13:30:00,129.2
2015-05-03 13:45:00,139.6
2015-05-03 14:00:00,134.4
2015-05-03 14:15:00,132.8
2015-05-03 14:30:00,142.4
2015-05-03 14:45:00,133.6
2015-05-03 15:00:00,145.6
2015-05-03 15:15:00,135.2
2015-05-03 15:30:00,140.4
2015-05-03 15:45:00,146
2015-05-03 16:00:00,134.8
2015-05-03 16:15:00,144
2015-05-03 16:30:00,136.8
2015-05-03 16:45:00,135.6
2015-05-03 17:00:00,153.2
2015-05-03 17:15:00,136.4
2015-05-03 17:30:00,153.6
2015-05-03 17:45:00,140.8
2015-05-03 18:00:00,142
2015-05-03 18:15:00,159.6
2015-05-03 18:30:00,137.6
2015-05-03 18:45:00,153.6
2015-05-03 19:00:00,157.2
2015-05-03 19:15:00,154.8
2015-05-03 19:30:00,170.8
2015-05-03 19:45:00,162
2015-05-03 20:00:00,157.2
2015-05-03 20:15:00,172
2015-05-03 20:30:00,164
2015-05-03 20:45:00,160
2015-05-03 21:00:00,172.8
2015-05-03 21:15:00,158.4
2015-05-03 21:30:00,162.4
2015-05-03 21:45:00,174.4
2015-05-03 22:00:00,153.6
2015-05-03 22:15:00,167.6
2015-05-03 22:30:00,173.2
2015-05-03 22:45:00,154.8
2015-05-03 23:00:00,166
2015-05-03 23:15:00,175.2
2015-05-03 23:30:00,152
2015-05-03 23:45:00,171.2
2015-05-04 00:00:00,170
2015-05-04 00:15:00,149.6
2015-05-04 00:30:00,170.4
2015-05-04 00:45:00,172
2015-05-04 01:00:00,149.2
2015-05-04 01:15:00,165.6
2015-05-04 01:30:00,168.4
2015-05-04 01:45:00,148.8
2015-05-04 02:00:00,165.2
2015-05-04 02:15:00,173.2
2015-05-04 02:30:00,147.6
2015-05-04 02:45:00,167.6
2015-05-04 03:00:00,168.8
2015-05-04 03:15:00,154
2015-05-04 03:30:00,163.6
2015-05-04 03:45:00,172.4
2015-05-04 04:00:00,156.8
2015-05-04 04:15:00,157.6
2015-05-04 04:30:00,175.2
2015-05-04 04:45:00,163.6
2015-05-04 05:00:00,171.6
2015-05-04 05:15:00,191.6
2015-05-04 05:30:00,190
2015-05-04 05:45:00,179.6
2015-05-04 06:00:00,215.2
2015-05-04 06:15:00,243.6
2015-05-04 06:30:00,327.6
2015-05-04 06:45:00,330.8
2015-05-04 07:00:00,322.4
2015-05-04 07:15:00,293.2
2015-05-04 07:30:00,294.4
2015-05-04 07:45:00,320
2015-05-04 08:00:00,370.8
2015-05-04 08:15:00,436.8
2015-05-04 08:30:00,518
2015-05-04 08:45:00,513.6
2015-05-04 09:00:00,525.2
2015-05-04 09:15:00,524
2015-05-04 09:30:00,532.4
2015-05-04 09:45:00,544
2015-05-04 10:00:00,594
2015-05-04 10:15:00,592.8
2015-05-04 10:30:00,568
2015-05-04 10:45:00,590.8
2015-05-04 11:00:00,560.4
2015-05-04 11:15:00,570
2015-05-04 11:30:00,562.4
2015-05-04 11:45:00,611.2
2015-05-04 12:00:00,616
2015-05-04 12:15:00,613.2
2015-05-04 12:30:00,647.2
2015-05-04 12:45:00,622
2015-05-04 13:00:00,646.8
2015-05-04 13:15:00,650
2015-05-04 13:30:00,644.4
2015-05-04 13:45:00,659.2
2015-05-04 14:00:00,632.4
2015-05-04 14:15:00,628
2015-05-04 14:30:00,616
2015-05-04 14:45:00,626
2015-05-04 15:00:00,594
2015-05-04 15:15:00,556
2015-05-04 15:30:00,503.6
2015-05-04 15:45:00,501.2
2015-05-04 16:00:00,478
2015-05-04 16:15:00,481.6
2015-05-04 16:30:00,492.8
2015-05-04 16:45:00,466.4
2015-05-04 17:00:00,468
2015-05-04 17:15:00,450
2015-05-04 17:30:00,460
2015-05-04 17:45:00,442
2015-05-04 18:00:00,445.6
2015-05-04 18:15:00,428
2015-05-04 18:30:00,410
2015-05-04 18:45:00,412.8
2015-05-04 19:00:00,362.4
2015-05-04 19:15:00,321.2
2015-05-04 19:30:00,290.8
2015-05-04 19:45:00,288
2015-05-04 20:00:00,270.8
2015-05-04 20:15:00,250.8
2015-05-04 20:30:00,255.6
2015-05-04 20:45:00,236
2015-05-04 21:00:00,232.8
2015-05-04 21:15:00,230
2015-05-04 21:30:00,208
2015-05-04 21:45:00,208
2015-05-04 22:00:00,192.8
2015-05-04 22:15:00,196.8
2015-05-04 22:30:00,198
2015-05-04 22:45:00,195.2
2015-05-04 23:00:00,190.4
2015-05-04 23:15:00,166.4
2015-05-04 23:30:00,181.6
2015-05-04 23:45:00,172.8
2015-05-05 00:00:00,171.6
2015-05-05 00:15:00,176.4
2015-05-05 00:30:00,161.2
2015-05-05 00:45:00,179.6
2015-05-05 01:00:00,170
2015-05-05 01:15:00,178
2015-05-05 01:30:00,175.2
2015-05-05 01:45:00,160.8
2015-05-05 02:00:00,182.8
2015-05-05 02:15:00,168
2015-05-05 02:30:00,166.8
2015-05-05 02:45:00,180.4
2015-05-05 03:00:00,156.4
2015-05-05 03:15:00,181.2
2015-05-05 03:30:00,172.4
2015-05-05 03:45:00,164.8
2015-05-05 04:00:00,181.6
2015-05-05 04:15:00,168.4
2015-05-05 04:30:00,170.4
2015-05-05 04:45:00,186
2015-05-05 05:00:00,173.2
2015-05-05 05:15:00,198.8
2015-05-05 05:30:00,203.2
2015-05-05 05:45:00,183.2
2015-05-05 06:00:00,229.6
2015-05-05 06:15:00,234.8
2015-05-05 06:30:00,315.6
2015-05-05 06:45:00,326.8
2015-05-05 07:00:00,298.8
2015-05-05 07:15:00,296
2015-05-05 07:30:00,300.4
2015-05-05 07:45:00,312.8
2015-05-05 08:00:00,372.4
2015-05-05 08:15:00,461.6
2015-05-05 08:30:00,483.2
2015-05-05 08:45:00,504.8
2015-05-05 09:00:00,545.2
2015-05-05 09:15:00,543.2
2015-05-05 09:30:00,617.6
2015-05-05 09:45:00,509.6
2015-05-05 10:00:00,521.2
2015-05-05 10:15:00,545.2
2015-05-05 10:30:00,546.4
2015-05-05 10:45:00,537.6
2015-05-05 11:00:00,522.4
2015-05-05 11:15:00,558.8
2015-05-05 11:30:00,561.6
2015-05-05 11:45:00,564
2015-05-05 12:00:00,567.6
2015-05-05 12:15:00,578.4
2015-05-05 12:30:00,574
2015-05-05 12:45:00,572
2015-05-05 13:00:00,600.4
2015-05-05 13:15:00,590.8
2015-05-05 13:30:00,611.2
2015-05-05 13:45:00,606.4
2015-05-05 14:00:00,562.4
2015-05-05 14:15:00,563.6
2015-05-05 14:30:00,606.8
2015-05-05 14:45:00,584.8
2015-05-05 15:00:00,558.4
2015-05-05 15:15:00,532.8
2015-05-05 15:30:00,481.6
2015-05-05 15:45:00,470
2015-05-05 16:00:00,476
2015-05-05 16:15:00,467.2
2015-05-05 16:30:00,473.2
2015-05-05 16:45:00,474
2015-05-05 17:00:00,470.4
2015-05-05 17:15:00,450.4
2015-05-05 17:30:00,444
2015-05-05 17:45:00,435.2
2015-05-05 18:00:00,427.6
2015-05-05 18:15:00,416.4
2015-05-05 18:30:00,416.4
2015-05-05 18:45:00,394.4
2015-05-05 19:00:00,363.2
2015-05-05 19:15:00,326.4
2015-05-05 19:30:00,301.6
2015-05-05 19:45:00,297.2
2015-05-05 20:00:00,254
2015-05-05 20:15:00,247.2
2015-05-05 20:30:00,244.8
2015-05-05 20:45:00,232
2015-05-05 21:00:00,232.4
2015-05-05 21:15:00,221.2
2015-05-05 21:30:00,214
2015-05-05 21:45:00,197.2
2015-05-05 22:00:00,198.8
2015-05-05 22:15:00,197.2
2015-05-05 22:30:00,200
2015-05-05 22:45:00,198
2015-05-05 23:00:00,175.2
2015-05-05 23:15:00,177.6
2015-05-05 23:30:00,167.2
2015-05-05 23:45:00,171.2
2015-05-06 00:00:00,176.8
2015-05-06 00:15:00,166.8
2015-05-06 00:30:00,181.2
2015-05-06 00:45:00,166.8
2015-05-06 01:00:00,170
2015-05-06 01:15:00,172.8
2015-05-06 01:30:00,164
2015-05-06 01:45:00,182.4
2015-05-06 02:00:00,161.6
2015-05-06 02:15:00,172.8
2015-05-06 02:30:00,177.2
2015-05-06 02:45:00,162
2015-05-06 03:00:00,180.8
2015-05-06 03:15:00,166.4
2015-05-06 03:30:00,167.6
2015-05-06 03:45:00,180
2015-05-06 04:00:00,161.2
2015-05-06 04:15:00,187.2
2015-05-06 04:30:00,172
2015-05-06 04:45:00,171.2
2015-05-06 05:00:00,194.8
2015-05-06 05:15:00,184.4
2015-05-06 05:30:00,202.4
2015-05-06 05:45:00,197.2
2015-05-06 06:00:00,216
2015-05-06 06:15:00,323.2
2015-05-06 06:30:00,308
2015-05-06 06:45:00,307.6
2015-05-06 07:00:00,301.2
2015-05-06 07:15:00,290
2015-05-06 07:30:00,306.4
2015-05-06 07:45:00,335.2
2015-05-06 08:00:00,396
2015-05-06 08:15:00,463.2
2015-05-06 08:30:00,465.2
2015-05-06 08:45:00,518.8
2015-05-06 09:00:00,567.2
2015-05-06 09:15:00,556.8
2015-05-06 09:30:00,556.4
2015-05-06 09:45:00,507.6
2015-05-06 10:00:00,548.4
2015-05-06 10:15:00,530.8
2015-05-06 10:30:00,536.4
2015-05-06 10:45:00,519.2
2015-05-06 11:00:00,538.4
2015-05-06 11:15:00,521.6
2015-05-06 11:30:00,544
2015-05-06 11:45:00,592.4
2015-05-06 12:00:00,570.4
2015-05-06 12:15:00,584
2015-05-06 12:30:00,571.6
2015-05-06 12:45:00,584.4
2015-05-06 13:00:00,604
2015-05-06 13:15:00,588.4
2015-05-06 13:30:00,642
2015-05-06 13:45:00,589.6
2015-05-06 14:00:00,586.4
2015-05-06 14:15:00,574.8
2015-05-06 14:30:00,569.6
2015-05-06 14:45:00,547.2
2015-05-06 15:00:00,589.6
2015-05-06 15:15:00,559.2
2015-05-06 15:30:00,539.6
2015-05-06 15:45:00,527.6
2015-05-06 16:00:00,497.6
2015-05-06 16:15:00,472.4
2015-05-06 16:30:00,444.8
2015-05-06 16:45:00,459.6
2015-05-06 17:00:00,456
2015-05-06 17:15:00,451.2
2015-05-06 17:30:00,445.6
2015-05-06 17:45:00,424.4
2015-05-06 18:00:00,437.2
2015-05-06 18:15:00,406.8
2015-05-06 18:30:00,397.6
2015-05-06 18:45:00,399.6
2015-05-06 19:00:00,352.8
2015-05-06 19:15:00,273.6
2015-05-06 19:30:00,262
2015-05-06 19:45:00,252.4
2015-05-06 20:00:00,232
2015-05-06 20:15:00,219.6
2015-05-06 20:30:00,214.4
2015-05-06 20:45:00,225.6
2015-05-06 21:00:00,210.8
2015-05-06 21:15:00,205.2
2015-05-06 21:30:00,191.2
2015-05-06 21:45:00,176.8
2015-05-06 22:00:00,173.2
2015-05-06 22:15:00,169.6
2015-05-06 22:30:00,171.2
2015-05-06 22:45:00,166.8
2015-05-06 23:00:00,165.2
2015-05-06 23:15:00,159.6
2015-05-06 23:30:00,158
2015-05-06 23:45:00,158
2015-05-07 00:00:00,156.8
2015-05-07 00:15:00,160.8
2015-05-07 00:30:00,157.6
2015-05-07 00:45:00,156.8
2015-05-07 01:00:00,152.4
2015-05-07 01:15:00,161.6
2015-05-07 01:30:00,150.8
2015-05-07 01:45:00,159.6
2015-05-07 02:00:00,153.6
2015-05-07 02:15:00,154.4
2015-05-07 02:30:00,162.8
2015-05-07 02:45:00,149.2
2015-05-07 03:00:00,166.4
2015-05-07 03:15:00,154.8
2015-05-07 03:30:00,165.2
2015-05-07 03:45:00,158.8
2015-05-07 04:00:00,158.8
2015-05-07 04:15:00,174.4
2015-05-07 04:30:00,150.8
2015-05-07 04:45:00,176
2015-05-07 05:00:00,167.6
2015-05-07 05:15:00,172.4
2015-05-07 05:30:00,184.8
2015-05-07 05:45:00,166.8
2015-05-07 06:00:00,243.6
2015-05-07 06:15:00,306
2015-05-07 06:30:00,271.2
2015-05-07 06:45:00,268.4
2015-05-07 07:00:00,263.6
2015-05-07 07:15:00,266.4
2015-05-07 07:30:00,278.8
2015-05-07 07:45:00,258
2015-05-07 08:00:00,338.4
2015-05-07 08:15:00,396.8
2015-05-07 08:30:00,430.8
2015-05-07 08:45:00,527.6
2015-05-07 09:00:00,551.2
2015-05-07 09:15:00,571.6
2015-05-07 09:30:00,551.6
2015-05-07 09:45:00,505.2
2015-05-07 10:00:00,513.2
2015-05-07 10:15:00,516
2015-05-07 10:30:00,571.6
2015-05-07 10:45:00,542.4
2015-05-07 11:00:00,546.4
2015-05-07 11:15:00,540.8
2015-05-07 11:30:00,574.8
2015-05-07 11:45:00,600.4
2015-05-07 12:00:00,593.2
2015-05-07 12:15:00,604
2015-05-07 12:30:00,606
2015-05-07 12:45:00,626.4
2015-05-07 13:00:00,622
2015-05-07 13:15:00,680.8
2015-05-07 13:30:00,656.4
2015-05-07 13:45:00,640.8
2015-05-07 14:00:00,630
2015-05-07 14:15:00,624.8
2015-05-07 14:30:00,619.6
2015-05-07 14:45:00,600.4
2015-05-07 15:00:00,571.6
2015-05-07 15:15:00,522.8
2015-05-07 15:30:00,518.8
2015-05-07 15:45:00,492.4
2015-05-07 16:00:00,479.2
2015-05-07 16:15:00,504
2015-05-07 16:30:00,478.4
2015-05-07 16:45:00,477.2
2015-05-07 17:00:00,465.6
2015-05-07 17:15:00,458.8
2015-05-07 17:30:00,439.6
2015-05-07 17:45:00,449.6
2015-05-07 18:00:00,425.6
2015-05-07 18:15:00,421.6
2015-05-07 18:30:00,420.4
2015-05-07 18:45:00,402
2015-05-07 19:00:00,354
2015-05-07 19:15:00,287.2
2015-05-07 19:30:00,270.8
2015-05-07 19:45:00,253.6
2015-05-07 20:00:00,244.8
2015-05-07 20:15:00,223.6
2015-05-07 20:30:00,219.2
2015-05-07 20:45:00,216
2015-05-07 21:00:00,214
2015-05-07 21:15:00,206
2015-05-07 21:30:00,192.4
2015-05-07 21:45:00,188.8
2015-05-07 22:00:00,177.2
2015-05-07 22:15:00,171.2
2015-05-07 22:30:00,172
2015-05-07 22:45:00,170
2015-05-07 23:00:00,166.4
2015-05-07 23:15:00,158.8
2015-05-07 23:30:00,158.8
2015-05-07 23:45:00,157.2
2015-05-08 00:00:00,155.6
2015-05-08 00:15:00,158.8
2015-05-08 00:30:00,156
2015-05-08 00:45:00,158.4
2015-05-08 01:00:00,152.8
2015-05-08 01:15:00,154
2015-05-08 01:30:00,154.8
2015-05-08 01:45:00,155.6
2015-05-08 02:00:00,152.4
2015-05-08 02:15:00,150
2015-05-08 02:30:00,152.4
2015-05-08 02:45:00,152.8
2015-05-08 03:00:00,150.8
2015-05-08 03:15:00,155.6
2015-05-08 03:30:00,152.8
2015-05-08 03:45:00,166.8
2015-05-08 04:00:00,152.8
2015-05-08 04:15:00,174.4
2015-05-08 04:30:00,151.6
2015-05-08 04:45:00,166.4
2015-05-08 05:00:00,166.8
2015-05-08 05:15:00,172.4
2015-05-08 05:30:00,181.2
2015-05-08 05:45:00,167.6
2015-05-08 06:00:00,218
2015-05-08 06:15:00,293.2
2015-05-08 06:30:00,335.6
2015-05-08 06:45:00,292.8
2015-05-08 07:00:00,286.8
2015-05-08 07:15:00,309.2
2015-05-08 07:30:00,317.6
2015-05-08 07:45:00,320.8
2015-05-08 08:00:00,334
2015-05-08 08:15:00,402
2015-05-08 08:30:00,491.6
2015-05-08 08:45:00,536.8
2015-05-08 09:00:00,543.6
2015-05-08 09:15:00,516
2015-05-08 09:30:00,507.6
2015-05-08 09:45:00,536.8
2015-05-08 10:00:00,549.2
2015-05-08 10:15:00,558
2015-05-08 10:30:00,561.2
2015-05-08 10:45:00,535.2
2015-05-08 11:00:00,527.6
2015-05-08 11:15:00,557.2
2015-05-08 11:30:00,614.8
2015-05-08 11:45:00,604.4
2015-05-08 12:00:00,600.8
2015-05-08 12:15:00,593.2
2015-05-08 12:30:00,580.4
2015-05-08 12:45:00,622.4
2015-05-08 13:00:00,633.6
2015-05-08 13:15:00,639.6
2015-05-08 13:30:00,609.6
2015-05-08 13:45:00,594.4
2015-05-08 14:00:00,633.2
2015-05-08 14:15:00,615.6
2015-05-08 14:30:00,600.8
2015-05-08 14:45:00,577.6
2015-05-08 15:00:00,578
2015-05-08 15:15:00,572.8
2015-05-08 15:30:00,468.4
2015-05-08 15:45:00,132.8
2015-05-08 16:00:00,414
2015-05-08 16:15:00,404
2015-05-08 16:30:00,397.2
2015-05-08 16:45:00,379.6
2015-05-08 17:00:00,369.6
2015-05-08 17:15:00,376.4
2015-05-08 17:30:00,364
2015-05-08 17:45:00,367.2
2015-05-08 18:00:00,354
2015-05-08 18:15:00,327.6
2015-05-08 18:30:00,305.2
2015-05-08 18:45:00,293.6
2015-05-08 19:00:00,270
2015-05-08 19:15:00,235.6
2015-05-08 19:30:00,229.2
2015-05-08 19:45:00,212.8
2015-05-08 20:00:00,206
2015-05-08 20:15:00,195.2
2015-05-08 20:30:00,202
2015-05-08 20:45:00,193.2
2015-05-08 21:00:00,187.6
2015-05-08 21:15:00,190
2015-05-08 21:30:00,166.8
2015-05-08 21:45:00,164
2015-05-08 22:00:00,158
2015-05-08 22:15:00,157.6
2015-05-08 22:30:00,152.4
2015-05-08 22:45:00,153.6
2015-05-08 23:00:00,152
2015-05-08 23:15:00,145.6
2015-05-08 23:30:00,146
2015-05-08 23:45:00,141.6
2015-05-09 00:00:00,138.8
2015-05-09 00:15:00,139.2
2015-05-09 00:30:00,142
2015-05-09 00:45:00,144.8
2015-05-09 01:00:00,139.6
2015-05-09 01:15:00,140.4
2015-05-09 01:30:00,136
2015-05-09 01:45:00,139.6
2015-05-09 02:00:00,133.6
2015-05-09 02:15:00,134.8
2015-05-09 02:30:00,138
2015-05-09 02:45:00,138.4
2015-05-09 03:00:00,136
2015-05-09 03:15:00,138.4
2015-05-09 03:30:00,136.4
2015-05-09 03:45:00,142
2015-05-09 04:00:00,140.8
2015-05-09 04:15:00,139.2
2015-05-09 04:30:00,136.4
2015-05-09 04:45:00,140.8
2015-05-09 05:00:00,140.4
2015-05-09 05:15:00,150.8
2015-05-09 05:30:00,147.6
2015-05-09 05:45:00,151.6
2015-05-09 06:00:00,150.4
2015-05-09 06:15:00,161.6
2015-05-09 06:30:00,166.4
2015-05-09 06:45:00,163.2
2015-05-09 07:00:00,156
2015-05-09 07:15:00,153.2
2015-05-09 07:30:00,150
2015-05-09 07:45:00,146.4
2015-05-09 08:00:00,178
2015-05-09 08:15:00,205.2
2015-05-09 08:30:00,219.6
2015-05-09 08:45:00,220.4
2015-05-09 09:00:00,217.6
2015-05-09 09:15:00,224.4
2015-05-09 09:30:00,222.4
2015-05-09 09:45:00,236.4
2015-05-09 10:00:00,234
2015-05-09 10:15:00,238.8
2015-05-09 10:30:00,240.4
2015-05-09 10:45:00,239.6
2015-05-09 11:00:00,243.6
2015-05-09 11:15:00,238.4
2015-05-09 11:30:00,242.8
2015-05-09 11:45:00,236.8
2015-05-09 12:00:00,247.2
2015-05-09 12:15:00,228.8
2015-05-09 12:30:00,231.6
2015-05-09 12:45:00,227.6
2015-05-09 13:00:00,216
2015-05-09 13:15:00,197.6
2015-05-09 13:30:00,184.8
2015-05-09 13:45:00,185.2
2015-05-09 14:00:00,162.4
2015-05-09 14:15:00,148.8
2015-05-09 14:30:00,148
2015-05-09 14:45:00,149.6
2015-05-09 15:00:00,146.8
2015-05-09 15:15:00,146
2015-05-09 15:30:00,151.2
2015-05-09 15:45:00,149.6
2015-05-09 16:00:00,151.6
2015-05-09 16:15:00,149.2
2015-05-09 16:30:00,154.4
2015-05-09 16:45:00,156.8
2015-05-09 17:00:00,154.8
2015-05-09 17:15:00,151.2
2015-05-09 17:30:00,144
2015-05-09 17:45:00,150
2015-05-09 18:00:00,138
2015-05-09 18:15:00,134.8
2015-05-09 18:30:00,133.6
2015-05-09 18:45:00,131.2
2015-05-09 19:00:00,135.6
2015-05-09 19:15:00,141.6
2015-05-09 19:30:00,145.6
2015-05-09 19:45:00,142
2015-05-09 20:00:00,143.6
2015-05-09 20:15:00,141.6
2015-05-09 20:30:00,146.8
2015-05-09 20:45:00,146.8
2015-05-09 21:00:00,152
2015-05-09 21:15:00,144.8
2015-05-09 21:30:00,142.4
2015-05-09 21:45:00,145.6
2015-05-09 22:00:00,144
2015-05-09 22:15:00,144
2015-05-09 22:30:00,144.4
2015-05-09 22:45:00,146.8
2015-05-09 23:00:00,143.2
2015-05-09 23:15:00,144
2015-05-09 23:30:00,144.4
2015-05-09 23:45:00,144
2015-05-10 00:00:00,144.4
2015-05-10 00:15:00,141.6
2015-05-10 00:30:00,140.8
2015-05-10 00:45:00,138.4
2015-05-10 01:00:00,140.8
2015-05-10 01:15:00,141.2
2015-05-10 01:30:00,141.2
2015-05-10 01:45:00,142.4
2015-05-10 02:00:00,139.2
2015-05-10 02:15:00,140.4
2015-05-10 02:30:00,140
2015-05-10 02:45:00,138
2015-05-10 03:00:00,142.4
2015-05-10 03:15:00,141.6
2015-05-10 03:30:00,142
2015-05-10 03:45:00,137.6
2015-05-10 04:00:00,140.4
2015-05-10 04:15:00,138
2015-05-10 04:30:00,141.2
2015-05-10 04:45:00,143.2
2015-05-10 05:00:00,138
2015-05-10 05:15:00,139.2
2015-05-10 05:30:00,135.2
2015-05-10 05:45:00,138
2015-05-10 06:00:00,141.2
2015-05-10 06:15:00,144
2015-05-10 06:30:00,138.8
2015-05-10 06:45:00,135.6
2015-05-10 07:00:00,128.4
2015-05-10 07:15:00,123.6
2015-05-10 07:30:00,123.6
2015-05-10 07:45:00,118.8
2015-05-10 08:00:00,119.2
2015-05-10 08:15:00,122.8
2015-05-10 08:30:00,126
2015-05-10 08:45:00,125.2
2015-05-10 09:00:00,126.8
2015-05-10 09:15:00,132
2015-05-10 09:30:00,126.4
2015-05-10 09:45:00,130.8
2015-05-10 10:00:00,124.4
2015-05-10 10:15:00,135.2
2015-05-10 10:30:00,130
2015-05-10 10:45:00,130.8
2015-05-10 11:00:00,133.6
2015-05-10 11:15:00,129.2
2015-05-10 11:30:00,132.8
2015-05-10 11:45:00,127.2
2015-05-10 12:00:00,132
2015-05-10 12:15:00,132
2015-05-10 12:30:00,133.6
2015-05-10 12:45:00,125.2
2015-05-10 13:00:00,128.4
2015-05-10 13:15:00,135.2
2015-05-10 13:30:00,133.2
2015-05-10 13:45:00,134
2015-05-10 14:00:00,130.8
2015-05-10 14:15:00,131.6
2015-05-10 14:30:00,129.2
2015-05-10 14:45:00,128
2015-05-10 15:00:00,130
2015-05-10 15:15:00,130
2015-05-10 15:30:00,129.6
2015-05-10 15:45:00,132.8
2015-05-10 16:00:00,128
2015-05-10 16:15:00,128.4
2015-05-10 16:30:00,134
2015-05-10 16:45:00,132.8
2015-05-10 17:00:00,131.6
2015-05-10 17:15:00,131.2
2015-05-10 17:30:00,134
2015-05-10 17:45:00,133.6
2015-05-10 18:00:00,135.2
2015-05-10 18:15:00,133.6
2015-05-10 18:30:00,123.2
2015-05-10 18:45:00,129.6
2015-05-10 19:00:00,136.4
2015-05-10 19:15:00,144.8
2015-05-10 19:30:00,141.2
2015-05-10 19:45:00,138
2015-05-10 20:00:00,142
2015-05-10 20:15:00,141.6
2015-05-10 20:30:00,144
2015-05-10 20:45:00,143.2
2015-05-10 21:00:00,150.8
2015-05-10 21:15:00,147.6
2015-05-10 21:30:00,145.6
2015-05-10 21:45:00,152
2015-05-10 22:00:00,144
2015-05-10 22:15:00,146
2015-05-10 22:30:00,147.6
2015-05-10 22:45:00,146.4
2015-05-10 23:00:00,140
2015-05-10 23:15:00,142.8
2015-05-10 23:30:00,140.8
2015-05-10 23:45:00,144
2015-05-11 00:00:00,145.2
2015-05-11 00:15:00,140
2015-05-11 00:30:00,140.8
2015-05-11 00:45:00,137.6
2015-05-11 01:00:00,136.8
2015-05-11 01:15:00,138.4
2015-05-11 01:30:00,141.2
2015-05-11 01:45:00,141.6
2015-05-11 02:00:00,139.6
2015-05-11 02:15:00,138
2015-05-11 02:30:00,137.2
2015-05-11 02:45:00,138.8
2015-05-11 03:00:00,137.6
2015-05-11 03:15:00,143.6
2015-05-11 03:30:00,140.8
2015-05-11 03:45:00,134.4
2015-05-11 04:00:00,136.4
2015-05-11 04:15:00,135.2
2015-05-11 04:30:00,146.8
2015-05-11 04:45:00,144.8
2015-05-11 05:00:00,151.2
2015-05-11 05:15:00,150.4
2015-05-11 05:30:00,150.8
2015-05-11 05:45:00,152.8
2015-05-11 06:00:00,176.4
2015-05-11 06:15:00,196.4
2015-05-11 06:30:00,214.8
2015-05-11 06:45:00,238.8
2015-05-11 07:00:00,265.2
2015-05-11 07:15:00,296.8
2015-05-11 07:30:00,266.4
2015-05-11 07:45:00,304.8
2015-05-11 08:00:00,381.2
2015-05-11 08:15:00,432.4
2015-05-11 08:30:00,462.8
2015-05-11 08:45:00,464.8
2015-05-11 09:00:00,503.6
2015-05-11 09:15:00,490
2015-05-11 09:30:00,486.8
2015-05-11 09:45:00,491.6
2015-05-11 10:00:00,500.8
2015-05-11 10:15:00,526
2015-05-11 10:30:00,563.2
2015-05-11 10:45:00,574.4
2015-05-11 11:00:00,521.6
2015-05-11 11:15:00,526.4
2015-05-11 11:30:00,521.2
2015-05-11 11:45:00,552
2015-05-11 12:00:00,563.2
2015-05-11 12:15:00,570.4
2015-05-11 12:30:00,570.8
2015-05-11 12:45:00,570.8
2015-05-11 13:00:00,608
2015-05-11 13:15:00,579.6
2015-05-11 13:30:00,578
2015-05-11 13:45:00,557.2
2015-05-11 14:00:00,555.2
2015-05-11 14:15:00,552
2015-05-11 14:30:00,552
2015-05-11 14:45:00,546
2015-05-11 15:00:00,563.6
2015-05-11 15:15:00,535.2
2015-05-11 15:30:00,520
2015-05-11 15:45:00,486.8
2015-05-11 16:00:00,473.2
2015-05-11 16:15:00,458.8
2015-05-11 16:30:00,447.6
2015-05-11 16:45:00,431.2
2015-05-11 17:00:00,432.4
2015-05-11 17:15:00,424
2015-05-11 17:30:00,430.8
2015-05-11 17:45:00,420.4
2015-05-11 18:00:00,416.8
2015-05-11 18:15:00,403.2
2015-05-11 18:30:00,385.6
2015-05-11 18:45:00,382.4
2015-05-11 19:00:00,343.2
2015-05-11 19:15:00,306.4
2015-05-11 19:30:00,270.4
2015-05-11 19:45:00,263.2
2015-05-11 20:00:00,244.8
2015-05-11 20:15:00,222.8
2015-05-11 20:30:00,222.8
2015-05-11 20:45:00,217.2
2015-05-11 21:00:00,211.6
2015-05-11 21:15:00,198
2015-05-11 21:30:00,197.2
2015-05-11 21:45:00,189.2
2015-05-11 22:00:00,181.2
2015-05-11 22:15:00,182.8
2015-05-11 22:30:00,175.6
2015-05-11 22:45:00,182.8
2015-05-11 23:00:00,170.4
2015-05-11 23:15:00,175.2
2015-05-11 23:30:00,166.8
2015-05-11 23:45:00,169.2
2015-05-12 00:00:00,164.4
2015-05-12 00:15:00,160.8
2015-05-12 00:30:00,168
2015-05-12 00:45:00,160.4
2015-05-12 01:00:00,163.2
2015-05-12 01:15:00,156.8
2015-05-12 01:30:00,159.2
2015-05-12 01:45:00,154.4
2015-05-12 02:00:00,160.4
2015-05-12 02:15:00,158
2015-05-12 02:30:00,156.8
2015-05-12 02:45:00,158.4
2015-05-12 03:00:00,154
2015-05-12 03:15:00,162
2015-05-12 03:30:00,159.6
2015-05-12 03:45:00,159.6
2015-05-12 04:00:00,165.6
2015-05-12 04:15:00,161.2
2015-05-12 04:30:00,160.8
2015-05-12 04:45:00,160
2015-05-12 05:00:00,169.6
2015-05-12 05:15:00,169.2
2015-05-12 05:30:00,172.4
2015-05-12 05:45:00,169.2
2015-05-12 06:00:00,204.4
2015-05-12 06:15:00,240.8
2015-05-12 06:30:00,238
2015-05-12 06:45:00,232.4
2015-05-12 07:00:00,291.6
2015-05-12 07:15:00,316
2015-05-12 07:30:00,298.8
2015-05-12 07:45:00,317.6
2015-05-12 08:00:00,378.8
2015-05-12 08:15:00,462.8
2015-05-12 08:30:00,467.2
2015-05-12 08:45:00,524.4
2015-05-12 09:00:00,542
2015-05-12 09:15:00,502.8
2015-05-12 09:30:00,517.2
2015-05-12 09:45:00,526.8
2015-05-12 10:00:00,534
2015-05-12 10:15:00,559.2
2015-05-12 10:30:00,578
2015-05-12 10:45:00,570.4
2015-05-12 11:00:00,547.6
2015-05-12 11:15:00,560
2015-05-12 11:30:00,533.2
2015-05-12 11:45:00,580.8
2015-05-12 12:00:00,592.8
2015-05-12 12:15:00,600.8
2015-05-12 12:30:00,594.8
2015-05-12 12:45:00,621.6
2015-05-12 13:00:00,637.2
2015-05-12 13:15:00,616.8
2015-05-12 13:30:00,608
2015-05-12 13:45:00,634.8
2015-05-12 14:00:00,625.2
2015-05-12 14:15:00,624.8
2015-05-12 14:30:00,624.4
2015-05-12 14:45:00,601.2
2015-05-12 15:00:00,590
2015-05-12 15:15:00,574.8
2015-05-12 15:30:00,527.2
2015-05-12 15:45:00,508.8
2015-05-12 16:00:00,517.2
2015-05-12 16:15:00,500.8
2015-05-12 16:30:00,474.4
2015-05-12 16:45:00,461.6
2015-05-12 17:00:00,445.2
2015-05-12 17:15:00,419.2
2015-05-12 17:30:00,434.4
2015-05-12 17:45:00,428.8
2015-05-12 18:00:00,419.6
2015-05-12 18:15:00,404
2015-05-12 18:30:00,402
2015-05-12 18:45:00,396.8
2015-05-12 19:00:00,338.4
2015-05-12 19:15:00,284.8
2015-05-12 19:30:00,257.6
2015-05-12 19:45:00,250.8
2015-05-12 20:00:00,224.8
2015-05-12 20:15:00,207.2
2015-05-12 20:30:00,204
2015-05-12 20:45:00,206.4
2015-05-12 21:00:00,210.8
2015-05-12 21:15:00,204.8
2015-05-12 21:30:00,197.2
2015-05-12 21:45:00,186
2015-05-12 22:00:00,182.8
2015-05-12 22:15:00,181.2
2015-05-12 22:30:00,180.8
2015-05-12 22:45:00,178.8
2015-05-12 23:00:00,172
2015-05-12 23:15:00,169.6
2015-05-12 23:30:00,163.6
2015-05-12 23:45:00,167.6
2015-05-13 00:00:00,159.2
2015-05-13 00:15:00,163.2
2015-05-13 00:30:00,164
2015-05-13 00:45:00,162.8
2015-05-13 01:00:00,162
2015-05-13 01:15:00,156
2015-05-13 01:30:00,160.8
2015-05-13 01:45:00,157.2
2015-05-13 02:00:00,161.6
2015-05-13 02:15:00,160
2015-05-13 02:30:00,158.4
2015-05-13 02:45:00,156.4
2015-05-13 03:00:00,155.2
2015-05-13 03:15:00,160.8
2015-05-13 03:30:00,158.4
2015-05-13 03:45:00,162
2015-05-13 04:00:00,157.2
2015-05-13 04:15:00,162.4
2015-05-13 04:30:00,164
2015-05-13 04:45:00,166
2015-05-13 05:00:00,168.8
2015-05-13 05:15:00,175.2
2015-05-13 05:30:00,175.2
2015-05-13 05:45:00,168
2015-05-13 06:00:00,208.8
2015-05-13 06:15:00,240.4
2015-05-13 06:30:00,240.4
2015-05-13 06:45:00,266.4
2015-05-13 07:00:00,279.2
2015-05-13 07:15:00,318
2015-05-13 07:30:00,292
2015-05-13 07:45:00,309.6
2015-05-13 08:00:00,376.4
2015-05-13 08:15:00,480.4
2015-05-13 08:30:00,480.8
2015-05-13 08:45:00,545.6
2015-05-13 09:00:00,545.2
2015-05-13 09:15:00,542.4
2015-05-13 09:30:00,555.2
2015-05-13 09:45:00,552.8
2015-05-13 10:00:00,574.4
2015-05-13 10:15:00,555.2
2015-05-13 10:30:00,590
2015-05-13 10:45:00,555.6
2015-05-13 11:00:00,586
2015-05-13 11:15:00,575.6
2015-05-13 11:30:00,586.4
2015-05-13 11:45:00,617.2
2015-05-13 12:00:00,590.8
2015-05-13 12:15:00,606.4
2015-05-13 12:30:00,611.6
2015-05-13 12:45:00,615.6
2015-05-13 13:00:00,612.4
2015-05-13 13:15:00,606.8
2015-05-13 13:30:00,603.2
2015-05-13 13:45:00,587.6
2015-05-13 14:00:00,605.2
2015-05-13 14:15:00,612.8
2015-05-13 14:30:00,606
2015-05-13 14:45:00,618.4
2015-05-13 15:00:00,603.6
2015-05-13 15:15:00,549.2
2015-05-13 15:30:00,506
2015-05-13 15:45:00,492.8
2015-05-13 16:00:00,486
2015-05-13 16:15:00,492
2015-05-13 16:30:00,514.4
2015-05-13 16:45:00,510
2015-05-13 17:00:00,508
2015-05-13 17:15:00,507.2
2015-05-13 17:30:00,507.2
2015-05-13 17:45:00,497.2
2015-05-13 18:00:00,496.4
2015-05-13 18:15:00,472.4
2015-05-13 18:30:00,464
2015-05-13 18:45:00,457.2
2015-05-13 19:00:00,431.2
2015-05-13 19:15:00,370.8
2015-05-13 19:30:00,353.6
2015-05-13 19:45:00,311.2
2015-05-13 20:00:00,251.6
2015-05-13 20:15:00,219.2
2015-05-13 20:30:00,215.2
2015-05-13 20:45:00,227.2
2015-05-13 21:00:00,222.8
2015-05-13 21:15:00,206.8
2015-05-13 21:30:00,196.8
2015-05-13 21:45:00,188
2015-05-13 22:00:00,187.2
2015-05-13 22:15:00,182
2015-05-13 22:30:00,182.8
2015-05-13 22:45:00,180.4
2015-05-13 23:00:00,176.4
2015-05-13 23:15:00,169.2
2015-05-13 23:30:00,165.2
2015-05-13 23:45:00,169.2
2015-05-14 00:00:00,161.6
2015-05-14 00:15:00,168.8
2015-05-14 00:30:00,164.4
2015-05-14 00:45:00,166.4
2015-05-14 01:00:00,161.2
2015-05-14 01:15:00,162.8
2015-05-14 01:30:00,157.2
2015-05-14 01:45:00,156.4
2015-05-14 02:00:00,158.4
2015-05-14 02:15:00,158
2015-05-14 02:30:00,164.8
2015-05-14 02:45:00,159.2
2015-05-14 03:00:00,158.4
2015-05-14 03:15:00,158
2015-05-14 03:30:00,157.6
2015-05-14 03:45:00,160.8
2015-05-14 04:00:00,156
2015-05-14 04:15:00,161.2
2015-05-14 04:30:00,162.4
2015-05-14 04:45:00,159.2
2015-05-14 05:00:00,169.6
2015-05-14 05:15:00,174.8
2015-05-14 05:30:00,172
2015-05-14 05:45:00,182.4
2015-05-14 06:00:00,229.6
2015-05-14 06:15:00,302.8
2015-05-14 06:30:00,338.4
2015-05-14 06:45:00,314
2015-05-14 07:00:00,375.2
2015-05-14 07:15:00,340.8
2015-05-14 07:30:00,325.2
2015-05-14 07:45:00,350.8
2015-05-14 08:00:00,463.6
2015-05-14 08:15:00,550.4
2015-05-14 08:30:00,546
2015-05-14 08:45:00,555.6
2015-05-14 09:00:00,552.4
2015-05-14 09:15:00,592
2015-05-14 09:30:00,653.2
2015-05-14 09:45:00,590
2015-05-14 10:00:00,606.4
2015-05-14 10:15:00,566.8
2015-05-14 10:30:00,578.4
2015-05-14 10:45:00,594
2015-05-14 11:00:00,606.8
2015-05-14 11:15:00,599.2
2015-05-14 11:30:00,623.6
2015-05-14 11:45:00,625.6
2015-05-14 12:00:00,651.6
2015-05-14 12:15:00,674.4
2015-05-14 12:30:00,650
2015-05-14 12:45:00,664.4
2015-05-14 13:00:00,651.6
2015-05-14 13:15:00,673.2
2015-05-14 13:30:00,663.6
2015-05-14 13:45:00,664
2015-05-14 14:00:00,662.8
2015-05-14 14:15:00,634.8
2015-05-14 14:30:00,668.8
2015-05-14 14:45:00,643.6
2015-05-14 15:00:00,644
2015-05-14 15:15:00,604
2015-05-14 15:30:00,597.6
2015-05-14 15:45:00,565.2
2015-05-14 16:00:00,549.6
2015-05-14 16:15:00,546
2015-05-14 16:30:00,527.6
2015-05-14 16:45:00,534.4
2015-05-14 17:00:00,512.4
2015-05-14 17:15:00,515.2
2015-05-14 17:30:00,503.6
2015-05-14 17:45:00,488.8
2015-05-14 18:00:00,487.2
2015-05-14 18:15:00,476.4
2015-05-14 18:30:00,478.4
2015-05-14 18:45:00,460.8
2015-05-14 19:00:00,432
2015-05-14 19:15:00,383.2
2015-05-14 19:30:00,363.6
2015-05-14 19:45:00,293.6
2015-05-14 20:00:00,235.6
2015-05-14 20:15:00,221.2
2015-05-14 20:30:00,215.2
2015-05-14 20:45:00,220
2015-05-14 21:00:00,202.4
2015-05-14 21:15:00,207.2
2015-05-14 21:30:00,189.6
2015-05-14 21:45:00,181.2
2015-05-14 22:00:00,186.4
2015-05-14 22:15:00,177.2
2015-05-14 22:30:00,182.8
2015-05-14 22:45:00,175.6
2015-05-14 23:00:00,172
2015-05-14 23:15:00,160.8
2015-05-14 23:30:00,161.2
2015-05-14 23:45:00,161.6
2015-05-15 00:00:00,155.6
2015-05-15 00:15:00,160
2015-05-15 00:30:00,159.2
2015-05-15 00:45:00,161.6
2015-05-15 01:00:00,156.4
2015-05-15 01:15:00,160.4
2015-05-15 01:30:00,155.6
2015-05-15 01:45:00,157.6
2015-05-15 02:00:00,154
2015-05-15 02:15:00,155.2
2015-05-15 02:30:00,158.8
2015-05-15 02:45:00,154.8
2015-05-15 03:00:00,155.6
2015-05-15 03:15:00,156
2015-05-15 03:30:00,157.2
2015-05-15 03:45:00,158
2015-05-15 04:00:00,159.2
2015-05-15 04:15:00,162.4
2015-05-15 04:30:00,160.4
2015-05-15 04:45:00,163.6
2015-05-15 05:00:00,164
2015-05-15 05:15:00,171.6
2015-05-15 05:30:00,170.8
2015-05-15 05:45:00,174.8
2015-05-15 06:00:00,212
2015-05-15 06:15:00,237.2
2015-05-15 06:30:00,246.4
2015-05-15 06:45:00,250.4
2015-05-15 07:00:00,347.6
2015-05-15 07:15:00,330.4
2015-05-15 07:30:00,314.4
2015-05-15 07:45:00,328.4
2015-05-15 08:00:00,402
2015-05-15 08:15:00,471.2
2015-05-15 08:30:00,479.6
2015-05-15 08:45:00,543.6
2015-05-15 09:00:00,539.6
2015-05-15 09:15:00,562
2015-05-15 09:30:00,666
2015-05-15 09:45:00,669.6
2015-05-15 10:00:00,667.2
2015-05-15 10:15:00,687.2
2015-05-15 10:30:00,684.8
2015-05-15 10:45:00,670
2015-05-15 11:00:00,661.6
2015-05-15 11:15:00,625.2
2015-05-15 11:30:00,626
2015-05-15 11:45:00,620
2015-05-15 12:00:00,636.8
2015-05-15 12:15:00,632.8
2015-05-15 12:30:00,663.2
2015-05-15 12:45:00,666.4
2015-05-15 13:00:00,632.8
2015-05-15 13:15:00,646.8
2015-05-15 13:30:00,639.2
2015-05-15 13:45:00,659.2
2015-05-15 14:00:00,622
2015-05-15 14:15:00,617.6
2015-05-15 14:30:00,623.6
2015-05-15 14:45:00,594.8
2015-05-15 15:00:00,610.4
2015-05-15 15:15:00,549.6
2015-05-15 15:30:00,546.4
2015-05-15 15:45:00,485.6
2015-05-15 16:00:00,481.6
2015-05-15 16:15:00,447.6
2015-05-15 16:30:00,442.4
2015-05-15 16:45:00,445.2
2015-05-15 17:00:00,424.4
2015-05-15 17:15:00,427.2
2015-05-15 17:30:00,429.6
2015-05-15 17:45:00,428
2015-05-15 18:00:00,397.6
2015-05-15 18:15:00,377.2
2015-05-15 18:30:00,354.8
2015-05-15 18:45:00,354
2015-05-15 19:00:00,334.8
2015-05-15 19:15:00,302
2015-05-15 19:30:00,282.4
2015-05-15 19:45:00,283.2
2015-05-15 20:00:00,278.8
2015-05-15 20:15:00,264
2015-05-15 20:30:00,244.8
2015-05-15 20:45:00,239.2
2015-05-15 21:00:00,220
2015-05-15 21:15:00,230
2015-05-15 21:30:00,196.4
2015-05-15 21:45:00,208.8
2015-05-15 22:00:00,190.8
2015-05-15 22:15:00,213.2
2015-05-15 22:30:00,205.6
2015-05-15 22:45:00,184.4
2015-05-15 23:00:00,198.8
2015-05-15 23:15:00,164
2015-05-15 23:30:00,187.6
2015-05-15 23:45:00,178.8
2015-05-16 00:00:00,175.2
2015-05-16 00:15:00,187.2
2015-05-16 00:30:00,176
2015-05-16 00:45:00,174.8
2015-05-16 01:00:00,177.6
2015-05-16 01:15:00,182.4
2015-05-16 01:30:00,160
2015-05-16 01:45:00,180.8
2015-05-16 02:00:00,179.6
2015-05-16 02:15:00,168.8
2015-05-16 02:30:00,173.2
2015-05-16 02:45:00,180.4
2015-05-16 03:00:00,174.4
2015-05-16 03:15:00,170.8
2015-05-16 03:30:00,181.6
2015-05-16 03:45:00,168
2015-05-16 04:00:00,172
2015-05-16 04:15:00,182.8
2015-05-16 04:30:00,174.4
2015-05-16 04:45:00,172.8
2015-05-16 05:00:00,186.4
2015-05-16 05:15:00,196
2015-05-16 05:30:00,175.6
2015-05-16 05:45:00,198.8
2015-05-16 06:00:00,201.6
2015-05-16 06:15:00,204
2015-05-16 06:30:00,196
2015-05-16 06:45:00,208.4
2015-05-16 07:00:00,206
2015-05-16 07:15:00,176.8
2015-05-16 07:30:00,205.6
2015-05-16 07:45:00,197.6
2015-05-16 08:00:00,198.4
2015-05-16 08:15:00,232
2015-05-16 08:30:00,245.6
2015-05-16 08:45:00,228.4
2015-05-16 09:00:00,243.2
2015-05-16 09:15:00,248
2015-05-16 09:30:00,225.6
2015-05-16 09:45:00,239.2
2015-05-16 10:00:00,250.8
2015-05-16 10:15:00,256
2015-05-16 10:30:00,272
2015-05-16 10:45:00,260.8
2015-05-16 11:00:00,278
2015-05-16 11:15:00,271.2
2015-05-16 11:30:00,276.8
2015-05-16 11:45:00,287.6
2015-05-16 12:00:00,295.6
2015-05-16 12:15:00,292.4
2015-05-16 12:30:00,292.8
2015-05-16 12:45:00,288.8
2015-05-16 13:00:00,277.6
2015-05-16 13:15:00,224.4
2015-05-16 13:30:00,231.2
2015-05-16 13:45:00,252.8
2015-05-16 14:00:00,228.4
2015-05-16 14:15:00,177.2
2015-05-16 14:30:00,177.2
2015-05-16 14:45:00,173.2
2015-05-16 15:00:00,170.8
2015-05-16 15:15:00,166.4
2015-05-16 15:30:00,173.2
2015-05-16 15:45:00,169.6
2015-05-16 16:00:00,172.8
2015-05-16 16:15:00,165.6
2015-05-16 16:30:00,162.4
2015-05-16 16:45:00,158
2015-05-16 17:00:00,160
2015-05-16 17:15:00,157.6
2015-05-16 17:30:00,158.4
2015-05-16 17:45:00,161.6
2015-05-16 18:00:00,147.2
2015-05-16 18:15:00,147.6
2015-05-16 18:30:00,148.8
2015-05-16 18:45:00,144.8
2015-05-16 19:00:00,150.4
2015-05-16 19:15:00,154.8
2015-05-16 19:30:00,156.8
2015-05-16 19:45:00,154
2015-05-16 20:00:00,154.8
2015-05-16 20:15:00,155.2
2015-05-16 20:30:00,156
2015-05-16 20:45:00,160.8
2015-05-16 21:00:00,164
2015-05-16 21:15:00,164
2015-05-16 21:30:00,161.6
2015-05-16 21:45:00,162
2015-05-16 22:00:00,158.8
2015-05-16 22:15:00,159.2
2015-05-16 22:30:00,159.6
2015-05-16 22:45:00,161.2
2015-05-16 23:00:00,161.2
2015-05-16 23:15:00,156.4
2015-05-16 23:30:00,160.4
2015-05-16 23:45:00,155.2
2015-05-17 00:00:00,158.4
2015-05-17 00:15:00,156
2015-05-17 00:30:00,158
2015-05-17 00:45:00,156
2015-05-17 01:00:00,153.6
2015-05-17 01:15:00,157.2
2015-05-17 01:30:00,154
2015-05-17 01:45:00,158
2015-05-17 02:00:00,156.4
2015-05-17 02:15:00,160
2015-05-17 02:30:00,156.4
2015-05-17 02:45:00,156.4
2015-05-17 03:00:00,158
2015-05-17 03:15:00,154.4
2015-05-17 03:30:00,157.6
2015-05-17 03:45:00,152.4
2015-05-17 04:00:00,159.6
2015-05-17 04:15:00,158.4
2015-05-17 04:30:00,158
2015-05-17 04:45:00,157.2
2015-05-17 05:00:00,154.8
2015-05-17 05:15:00,159.2
2015-05-17 05:30:00,150.8
2015-05-17 05:45:00,166.8
2015-05-17 06:00:00,159.2
2015-05-17 06:15:00,156.8
2015-05-17 06:30:00,164.8
2015-05-17 06:45:00,156
2015-05-17 07:00:00,160
2015-05-17 07:15:00,141.6
2015-05-17 07:30:00,148
2015-05-17 07:45:00,140.8
2015-05-17 08:00:00,140
2015-05-17 08:15:00,138.4
2015-05-17 08:30:00,136.8
2015-05-17 08:45:00,137.2
2015-05-17 09:00:00,138.4
2015-05-17 09:15:00,138
2015-05-17 09:30:00,140.4
2015-05-17 09:45:00,142.8
2015-05-17 10:00:00,143.6
2015-05-17 10:15:00,145.2
2015-05-17 10:30:00,138
2015-05-17 10:45:00,140
2015-05-17 11:00:00,140
2015-05-17 11:15:00,138
2015-05-17 11:30:00,142
2015-05-17 11:45:00,138
2015-05-17 12:00:00,143.6
2015-05-17 12:15:00,142
2015-05-17 12:30:00,141.6
2015-05-17 12:45:00,140.8
2015-05-17 13:00:00,142.8
2015-05-17 13:15:00,140.8
2015-05-17 13:30:00,139.6
2015-05-17 13:45:00,144.8
2015-05-17 14:00:00,142
2015-05-17 14:15:00,146.8
2015-05-17 14:30:00,143.6
2015-05-17 14:45:00,142.8
2015-05-17 15:00:00,142.4
2015-05-17 15:15:00,141.2
2015-05-17 15:30:00,147.2
2015-05-17 15:45:00,140.8
2015-05-17 16:00:00,146.8
2015-05-17 16:15:00,142.4
2015-05-17 16:30:00,144.8
2015-05-17 16:45:00,144
2015-05-17 17:00:00,143.2
2015-05-17 17:15:00,142
2015-05-17 17:30:00,142
2015-05-17 17:45:00,144.8
2015-05-17 18:00:00,141.6
2015-05-17 18:15:00,147.2
2015-05-17 18:30:00,144.8
2015-05-17 18:45:00,145.2
2015-05-17 19:00:00,148.8
2015-05-17 19:15:00,152.4
2015-05-17 19:30:00,153.6
2015-05-17 19:45:00,150.4
2015-05-17 20:00:00,154.8
2015-05-17 20:15:00,153.6
2015-05-17 20:30:00,154.8
2015-05-17 20:45:00,161.2
2015-05-17 21:00:00,164
2015-05-17 21:15:00,163.2
2015-05-17 21:30:00,163.2
2015-05-17 21:45:00,167.2
2015-05-17 22:00:00,162.4
2015-05-17 22:15:00,164.8
2015-05-17 22:30:00,162.4
2015-05-17 22:45:00,163.6
2015-05-17 23:00:00,164
2015-05-17 23:15:00,161.2
2015-05-17 23:30:00,160.4
2015-05-17 23:45:00,159.6
2015-05-18 00:00:00,158.4
2015-05-18 00:15:00,156.8
2015-05-18 00:30:00,160
2015-05-18 00:45:00,157.6
2015-05-18 01:00:00,158.4
2015-05-18 01:15:00,159.6
2015-05-18 01:30:00,154.8
2015-05-18 01:45:00,161.2
2015-05-18 02:00:00,157.2
2015-05-18 02:15:00,160.8
2015-05-18 02:30:00,156.4
2015-05-18 02:45:00,157.2
2015-05-18 03:00:00,157.6
2015-05-18 03:15:00,158
2015-05-18 03:30:00,157.2
2015-05-18 03:45:00,156
2015-05-18 04:00:00,160.4
2015-05-18 04:15:00,157.2
2015-05-18 04:30:00,160.8
2015-05-18 04:45:00,158.8
2015-05-18 05:00:00,168
2015-05-18 05:15:00,177.6
2015-05-18 05:30:00,178
2015-05-18 05:45:00,181.2
2015-05-18 06:00:00,270.4
2015-05-18 06:15:00,370.4
2015-05-18 06:30:00,397.2
2015-05-18 06:45:00,393.6
2015-05-18 07:00:00,391.6
2015-05-18 07:15:00,379.6
2015-05-18 07:30:00,406.4
2015-05-18 07:45:00,406.8
2015-05-18 08:00:00,481.2
2015-05-18 08:15:00,530
2015-05-18 08:30:00,616.8
2015-05-18 08:45:00,610
2015-05-18 09:00:00,608
2015-05-18 09:15:00,580.8
2015-05-18 09:30:00,583.6
2015-05-18 09:45:00,612.8
2015-05-18 10:00:00,609.6
2015-05-18 10:15:00,631.2
2015-05-18 10:30:00,626
2015-05-18 10:45:00,633.6
2015-05-18 11:00:00,639.2
2015-05-18 11:15:00,669.6
2015-05-18 11:30:00,658
2015-05-18 11:45:00,669.2
2015-05-18 12:00:00,699.6
2015-05-18 12:15:00,684.4
2015-05-18 12:30:00,698.8
2015-05-18 12:45:00,708.4
2015-05-18 13:00:00,711.6
2015-05-18 13:15:00,698.4
2015-05-18 13:30:00,701.2
2015-05-18 13:45:00,680.8
2015-05-18 14:00:00,700.4
2015-05-18 14:15:00,710.8
2015-05-18 14:30:00,680
2015-05-18 14:45:00,709.6
2015-05-18 15:00:00,665.2
2015-05-18 15:15:00,662.4
2015-05-18 15:30:00,642
2015-05-18 15:45:00,600.8
2015-05-18 16:00:00,584.4
2015-05-18 16:15:00,566
2015-05-18 16:30:00,587.6
2015-05-18 16:45:00,567.6
2015-05-18 17:00:00,572
2015-05-18 17:15:00,564.4
2015-05-18 17:30:00,560
2015-05-18 17:45:00,547.2
2015-05-18 18:00:00,539.2
2015-05-18 18:15:00,534
2015-05-18 18:30:00,514
2015-05-18 18:45:00,508.4
2015-05-18 19:00:00,458.8
2015-05-18 19:15:00,385.2
2015-05-18 19:30:00,358.4
2015-05-18 19:45:00,347.6
2015-05-18 20:00:00,292.4
2015-05-18 20:15:00,241.2
2015-05-18 20:30:00,240.8
2015-05-18 20:45:00,236.4
2015-05-18 21:00:00,241.6
2015-05-18 21:15:00,242.4
2015-05-18 21:30:00,220
2015-05-18 21:45:00,226
2015-05-18 22:00:00,207.6
2015-05-18 22:15:00,207.2
2015-05-18 22:30:00,199.6
2015-05-18 22:45:00,202.8
2015-05-18 23:00:00,184
2015-05-18 23:15:00,179.6
2015-05-18 23:30:00,178
2015-05-18 23:45:00,178.8
2015-05-19 00:00:00,175.6
2015-05-19 00:15:00,175.6
2015-05-19 00:30:00,175.2
2015-05-19 00:45:00,176.4
2015-05-19 01:00:00,176.4
2015-05-19 01:15:00,173.2
2015-05-19 01:30:00,174.8
2015-05-19 01:45:00,172.4
2015-05-19 02:00:00,171.2
2015-05-19 02:15:00,175.6
2015-05-19 02:30:00,171.2
2015-05-19 02:45:00,173.6
2015-05-19 03:00:00,171.6
2015-05-19 03:15:00,171.2
2015-05-19 03:30:00,178
2015-05-19 03:45:00,170.4
2015-05-19 04:00:00,168.4
2015-05-19 04:15:00,171.6
2015-05-19 04:30:00,174.8
2015-05-19 04:45:00,173.6
2015-05-19 05:00:00,185.2
2015-05-19 05:15:00,193.6
2015-05-19 05:30:00,205.6
2015-05-19 05:45:00,214.4
2015-05-19 06:00:00,336.4
2015-05-19 06:15:00,382.8
2015-05-19 06:30:00,383.6
2015-05-19 06:45:00,379.6
2015-05-19 07:00:00,323.2
2015-05-19 07:15:00,320.4
2015-05-19 07:30:00,339.2
2015-05-19 07:45:00,386.4
2015-05-19 08:00:00,446
2015-05-19 08:15:00,497.6
2015-05-19 08:30:00,523.2
2015-05-19 08:45:00,556.8
2015-05-19 09:00:00,577.2
2015-05-19 09:15:00,566
2015-05-19 09:30:00,596.4
2015-05-19 09:45:00,582.8
2015-05-19 10:00:00,605.2
2015-05-19 10:15:00,599.6
2015-05-19 10:30:00,636.8
2015-05-19 10:45:00,627.2
2015-05-19 11:00:00,639.2
2015-05-19 11:15:00,650.4
2015-05-19 11:30:00,659.6
2015-05-19 11:45:00,669.2
2015-05-19 12:00:00,646.8
2015-05-19 12:15:00,651.6
2015-05-19 12:30:00,659.2
2015-05-19 12:45:00,646.8
2015-05-19 13:00:00,660.4
2015-05-19 13:15:00,648.8
2015-05-19 13:30:00,652.8
2015-05-19 13:45:00,657.6
2015-05-19 14:00:00,658.8
2015-05-19 14:15:00,663.6
2015-05-19 14:30:00,642.8
2015-05-19 14:45:00,672.8
2015-05-19 15:00:00,648
2015-05-19 15:15:00,628.8
2015-05-19 15:30:00,607.6
2015-05-19 15:45:00,566
2015-05-19 16:00:00,542.4
2015-05-19 16:15:00,535.2
2015-05-19 16:30:00,538
2015-05-19 16:45:00,526.8
2015-05-19 17:00:00,536.4
2015-05-19 17:15:00,527.2
2015-05-19 17:30:00,521.2
2015-05-19 17:45:00,503.6
2015-05-19 18:00:00,495.6
2015-05-19 18:15:00,475.2
2015-05-19 18:30:00,460.8
2015-05-19 18:45:00,462.8
2015-05-19 19:00:00,419.2
2015-05-19 19:15:00,373.6
2015-05-19 19:30:00,333.6
2015-05-19 19:45:00,325.6
2015-05-19 20:00:00,279.6
2015-05-19 20:15:00,240.4
2015-05-19 20:30:00,235.6
2015-05-19 20:45:00,224.8
2015-05-19 21:00:00,222
2015-05-19 21:15:00,214.4
2015-05-19 21:30:00,198
2015-05-19 21:45:00,195.2
2015-05-19 22:00:00,194
2015-05-19 22:15:00,183.2
2015-05-19 22:30:00,187.2
2015-05-19 22:45:00,182.8
2015-05-19 23:00:00,181.6
2015-05-19 23:15:00,172
2015-05-19 23:30:00,180.8
2015-05-19 23:45:00,172
2015-05-20 00:00:00,178
2015-05-20 00:15:00,171.2
2015-05-20 00:30:00,173.6
2015-05-20 00:45:00,174.8
2015-05-20 01:00:00,170.4
2015-05-20 01:15:00,178
2015-05-20 01:30:00,170
2015-05-20 01:45:00,184.4
2015-05-20 02:00:00,166.8
2015-05-20 02:15:00,176.4
2015-05-20 02:30:00,166
2015-05-20 02:45:00,172.4
2015-05-20 03:00:00,170
2015-05-20 03:15:00,169.6
2015-05-20 03:30:00,182.8
2015-05-20 03:45:00,167.6
2015-05-20 04:00:00,184
2015-05-20 04:15:00,163.6
2015-05-20 04:30:00,185.6
2015-05-20 04:45:00,171.2
2015-05-20 05:00:00,182.8
2015-05-20 05:15:00,186.4
2015-05-20 05:30:00,183.6
2015-05-20 05:45:00,203.2
2015-05-20 06:00:00,226
2015-05-20 06:15:00,292.4
2015-05-20 06:30:00,320
2015-05-20 06:45:00,346
2015-05-20 07:00:00,307.6
2015-05-20 07:15:00,299.2
2015-05-20 07:30:00,303.6
2015-05-20 07:45:00,323.6
2015-05-20 08:00:00,391.2
2015-05-20 08:15:00,421.2
2015-05-20 08:30:00,478.8
2015-05-20 08:45:00,546
2015-05-20 09:00:00,557.2
2015-05-20 09:15:00,508.4
2015-05-20 09:30:00,520.4
2015-05-20 09:45:00,504
2015-05-20 10:00:00,529.2
2015-05-20 10:15:00,544.8
2015-05-20 10:30:00,553.2
2015-05-20 10:45:00,531.2
2015-05-20 11:00:00,558.8
2015-05-20 11:15:00,572
2015-05-20 11:30:00,549.6
2015-05-20 11:45:00,614.4
2015-05-20 12:00:00,678
2015-05-20 12:15:00,695.2
2015-05-20 12:30:00,649.6
2015-05-20 12:45:00,637.2
2015-05-20 13:00:00,662.4
2015-05-20 13:15:00,656.4
2015-05-20 13:30:00,667.2
2015-05-20 13:45:00,648.8
2015-05-20 14:00:00,637.6
2015-05-20 14:15:00,637.6
2015-05-20 14:30:00,634.8
2015-05-20 14:45:00,633.2
2015-05-20 15:00:00,620.4
2015-05-20 15:15:00,590.4
2015-05-20 15:30:00,558
2015-05-20 15:45:00,562
2015-05-20 16:00:00,527.6
2015-05-20 16:15:00,522.8
2015-05-20 16:30:00,517.2
2015-05-20 16:45:00,505.6
2015-05-20 17:00:00,511.2
2015-05-20 17:15:00,509.6
2015-05-20 17:30:00,514.4
2015-05-20 17:45:00,498.8
2015-05-20 18:00:00,492
2015-05-20 18:15:00,484.4
2015-05-20 18:30:00,465.2
2015-05-20 18:45:00,461.2
2015-05-20 19:00:00,414
2015-05-20 19:15:00,377.6
2015-05-20 19:30:00,326
2015-05-20 19:45:00,330
2015-05-20 20:00:00,292.4
2015-05-20 20:15:00,288.4
2015-05-20 20:30:00,258.4
2015-05-20 20:45:00,259.6
2015-05-20 21:00:00,249.6
2015-05-20 21:15:00,220
2015-05-20 21:30:00,222.4
2015-05-20 21:45:00,211.6
2015-05-20 22:00:00,202.4
2015-05-20 22:15:00,195.2
2015-05-20 22:30:00,204.4
2015-05-20 22:45:00,202.4
2015-05-20 23:00:00,196.4
2015-05-20 23:15:00,176.4
2015-05-20 23:30:00,189.6
2015-05-20 23:45:00,188.4
2015-05-21 00:00:00,179.6
2015-05-21 00:15:00,176.8
2015-05-21 00:30:00,185.2
2015-05-21 00:45:00,190.4
2015-05-21 01:00:00,185.2
2015-05-21 01:15:00,174
2015-05-21 01:30:00,189.6
2015-05-21 01:45:00,184.8
2015-05-21 02:00:00,189.2
2015-05-21 02:15:00,168
2015-05-21 02:30:00,188
2015-05-21 02:45:00,182.4
2015-05-21 03:00:00,182.8
2015-05-21 03:15:00,182.4
2015-05-21 03:30:00,179.6
2015-05-21 03:45:00,189.6
2015-05-21 04:00:00,184.8
2015-05-21 04:15:00,184.4
2015-05-21 04:30:00,186.4
2015-05-21 04:45:00,174.4
2015-05-21 05:00:00,197.6
2015-05-21 05:15:00,202
2015-05-21 05:30:00,203.2
2015-05-21 05:45:00,200.8
2015-05-21 06:00:00,238.8
2015-05-21 06:15:00,274
2015-05-21 06:30:00,375.2
2015-05-21 06:45:00,330.4
2015-05-21 07:00:00,307.6
2015-05-21 07:15:00,299.6
2015-05-21 07:30:00,311.6
2015-05-21 07:45:00,331.6
2015-05-21 08:00:00,356.4
2015-05-21 08:15:00,386
2015-05-21 08:30:00,404.8
2015-05-21 08:45:00,503.6
2015-05-21 09:00:00,462.8
2015-05-21 09:15:00,442.8
2015-05-21 09:30:00,479.6
2015-05-21 09:45:00,474.8
2015-05-21 10:00:00,481.6
2015-05-21 10:15:00,492.8
2015-05-21 10:30:00,528.4
2015-05-21 10:45:00,496.8
2015-05-21 11:00:00,538
2015-05-21 11:15:00,532.4
2015-05-21 11:30:00,534.8
2015-05-21 11:45:00,533.2
2015-05-21 12:00:00,519.6
2015-05-21 12:15:00,560.8
2015-05-21 12:30:00,528
2015-05-21 12:45:00,536.8
2015-05-21 13:00:00,559.6
2015-05-21 13:15:00,566
2015-05-21 13:30:00,604.4
2015-05-21 13:45:00,566.8
2015-05-21 14:00:00,550
2015-05-21 14:15:00,538.4
2015-05-21 14:30:00,550
2015-05-21 14:45:00,543.2
2015-05-21 15:00:00,558.8
2015-05-21 15:15:00,528.4
2015-05-21 15:30:00,520.4
2015-05-21 15:45:00,500.4
2015-05-21 16:00:00,500.8
2015-05-21 16:15:00,488.4
2015-05-21 16:30:00,480.4
2015-05-21 16:45:00,487.6
2015-05-21 17:00:00,466
2015-05-21 17:15:00,466.8
2015-05-21 17:30:00,446.8
2015-05-21 17:45:00,440
2015-05-21 18:00:00,441.6
2015-05-21 18:15:00,418
2015-05-21 18:30:00,404.8
2015-05-21 18:45:00,388.8
2015-05-21 19:00:00,361.6
2015-05-21 19:15:00,358
2015-05-21 19:30:00,365.2
2015-05-21 19:45:00,344.8
2015-05-21 20:00:00,278.8
2015-05-21 20:15:00,247.2
2015-05-21 20:30:00,234.4
2015-05-21 20:45:00,219.2
2015-05-21 21:00:00,216.8
2015-05-21 21:15:00,221.2
2015-05-21 21:30:00,212.8
2015-05-21 21:45:00,208
2015-05-21 22:00:00,203.6
2015-05-21 22:15:00,202.8
2015-05-21 22:30:00,197.6
2015-05-21 22:45:00,194
2015-05-21 23:00:00,200
2015-05-21 23:15:00,186.8
2015-05-21 23:30:00,170.4
2015-05-21 23:45:00,191.6
2015-05-22 00:00:00,182.8
2015-05-22 00:15:00,179.6
2015-05-22 00:30:00,172
2015-05-22 00:45:00,187.6
2015-05-22 01:00:00,183.6
2015-05-22 01:15:00,174.8
2015-05-22 01:30:00,179.6
2015-05-22 01:45:00,184
2015-05-22 02:00:00,188
2015-05-22 02:15:00,180
2015-05-22 02:30:00,172.8
2015-05-22 02:45:00,178.8
2015-05-22 03:00:00,183.2
2015-05-22 03:15:00,184.4
2015-05-22 03:30:00,175.6
2015-05-22 03:45:00,177.6
2015-05-22 04:00:00,178.8
2015-05-22 04:15:00,182.8
2015-05-22 04:30:00,187.6
2015-05-22 04:45:00,187.6
2015-05-22 05:00:00,190.4
2015-05-22 05:15:00,190.8
2015-05-22 05:30:00,193.6
2015-05-22 05:45:00,199.2
2015-05-22 06:00:00,257.2
2015-05-22 06:15:00,361.2
2015-05-22 06:30:00,325.6
2015-05-22 06:45:00,300.4
2015-05-22 07:00:00,282.8
2015-05-22 07:15:00,284.8
2015-05-22 07:30:00,285.2
2015-05-22 07:45:00,295.6
2015-05-22 08:00:00,305.2
2015-05-22 08:15:00,366
2015-05-22 08:30:00,410
2015-05-22 08:45:00,563.2
2015-05-22 09:00:00,503.2
2015-05-22 09:15:00,482
2015-05-22 09:30:00,421.6
2015-05-22 09:45:00,470.8
2015-05-22 10:00:00,500.4
2015-05-22 10:15:00,534.4
2015-05-22 10:30:00,549.2
2015-05-22 10:45:00,472.8
2015-05-22 11:00:00,495.6
2015-05-22 11:15:00,517.6
2015-05-22 11:30:00,510.8
2015-05-22 11:45:00,581.6
2015-05-22 12:00:00,564
2015-05-22 12:15:00,572.4
2015-05-22 12:30:00,567.2
2015-05-22 12:45:00,593.2
2015-05-22 13:00:00,573.2
2015-05-22 13:15:00,595.2
2015-05-22 13:30:00,578.4
2015-05-22 13:45:00,657.6
2015-05-22 14:00:00,668.4
2015-05-22 14:15:00,613.6
2015-05-22 14:30:00,585.6
2015-05-22 14:45:00,591.2
2015-05-22 15:00:00,601.2
2015-05-22 15:15:00,564
2015-05-22 15:30:00,558.4
2015-05-22 15:45:00,532.4
2015-05-22 16:00:00,514
2015-05-22 16:15:00,518
2015-05-22 16:30:00,497.6
2015-05-22 16:45:00,490
2015-05-22 17:00:00,468.8
2015-05-22 17:15:00,478.8
2015-05-22 17:30:00,473.2
2015-05-22 17:45:00,468.4
2015-05-22 18:00:00,462.4
2015-05-22 18:15:00,426.4
2015-05-22 18:30:00,405.6
2015-05-22 18:45:00,394.8
2015-05-22 19:00:00,371.6
2015-05-22 19:15:00,333.2
2015-05-22 19:30:00,311.6
2015-05-22 19:45:00,297.6
2015-05-22 20:00:00,275.2
2015-05-22 20:15:00,244.8
2015-05-22 20:30:00,232.4
2015-05-22 20:45:00,223.6
2015-05-22 21:00:00,215.2
2015-05-22 21:15:00,212
2015-05-22 21:30:00,199.2
2015-05-22 21:45:00,193.6
2015-05-22 22:00:00,197.2
2015-05-22 22:15:00,186.8
2015-05-22 22:30:00,188.8
2015-05-22 22:45:00,200.4
2015-05-22 23:00:00,174.4
2015-05-22 23:15:00,180.4
2015-05-22 23:30:00,168
2015-05-22 23:45:00,164
2015-05-23 00:00:00,173.6
2015-05-23 00:15:00,156
2015-05-23 00:30:00,172.4
2015-05-23 00:45:00,161.2
2015-05-23 01:00:00,160
2015-05-23 01:15:00,174
2015-05-23 01:30:00,154
2015-05-23 01:45:00,176
2015-05-23 02:00:00,162
2015-05-23 02:15:00,162.8
2015-05-23 02:30:00,174
2015-05-23 02:45:00,153.2
2015-05-23 03:00:00,178.4
2015-05-23 03:15:00,165.2
2015-05-23 03:30:00,163.6
2015-05-23 03:45:00,176.8
2015-05-23 04:00:00,163.6
2015-05-23 04:15:00,178
2015-05-23 04:30:00,177.2
2015-05-23 04:45:00,160
2015-05-23 05:00:00,187.2
2015-05-23 05:15:00,201.2
2015-05-23 05:30:00,185.6
2015-05-23 05:45:00,202
2015-05-23 06:00:00,223.6
2015-05-23 06:15:00,246.8
2015-05-23 06:30:00,238
2015-05-23 06:45:00,240.8
2015-05-23 07:00:00,228.4
2015-05-23 07:15:00,201.6
2015-05-23 07:30:00,216.4
2015-05-23 07:45:00,216
2015-05-23 08:00:00,221.2
2015-05-23 08:15:00,283.6
2015-05-23 08:30:00,296
2015-05-23 08:45:00,282.8
2015-05-23 09:00:00,285.2
2015-05-23 09:15:00,294.8
2015-05-23 09:30:00,275.6
2015-05-23 09:45:00,308
2015-05-23 10:00:00,285.6
2015-05-23 10:15:00,287.6
2015-05-23 10:30:00,295.2
2015-05-23 10:45:00,273.6
2015-05-23 11:00:00,285.6
2015-05-23 11:15:00,287.6
2015-05-23 11:30:00,337.2
2015-05-23 11:45:00,342.8
2015-05-23 12:00:00,305.6
2015-05-23 12:15:00,311.6
2015-05-23 12:30:00,308
2015-05-23 12:45:00,309.6
2015-05-23 13:00:00,279.6
2015-05-23 13:15:00,266
2015-05-23 13:30:00,259.6
2015-05-23 13:45:00,259.6
2015-05-23 14:00:00,220.4
2015-05-23 14:15:00,176
2015-05-23 14:30:00,174.8
2015-05-23 14:45:00,167.2
2015-05-23 15:00:00,176.8
2015-05-23 15:15:00,168.8
2015-05-23 15:30:00,204
2015-05-23 15:45:00,193.2
2015-05-23 16:00:00,187.2
2015-05-23 16:15:00,172.4
2015-05-23 16:30:00,163.6
2015-05-23 16:45:00,174.4
2015-05-23 17:00:00,162.8
2015-05-23 17:15:00,156.8
2015-05-23 17:30:00,152.4
2015-05-23 17:45:00,153.2
2015-05-23 18:00:00,144.8
2015-05-23 18:15:00,138
2015-05-23 18:30:00,145.2
2015-05-23 18:45:00,144.4
2015-05-23 19:00:00,148.8
2015-05-23 19:15:00,154.8
2015-05-23 19:30:00,154.8
2015-05-23 19:45:00,154.4
2015-05-23 20:00:00,162
2015-05-23 20:15:00,154
2015-05-23 20:30:00,174.8
2015-05-23 20:45:00,174.4
2015-05-23 21:00:00,171.6
2015-05-23 21:15:00,186.4
2015-05-23 21:30:00,164
2015-05-23 21:45:00,176.4
2015-05-23 22:00:00,180
2015-05-23 22:15:00,168.8
2015-05-23 22:30:00,172
2015-05-23 22:45:00,178.8
2015-05-23 23:00:00,179.2
2015-05-23 23:15:00,164.4
2015-05-23 23:30:00,179.6
2015-05-23 23:45:00,178.8
2015-05-24 00:00:00,159.2
2015-05-24 00:15:00,171.6
2015-05-24 00:30:00,174.8
2015-05-24 00:45:00,178.8
2015-05-24 01:00:00,159.6
2015-05-24 01:15:00,180.8
2015-05-24 01:30:00,178.4
2015-05-24 01:45:00,179.6
2015-05-24 02:00:00,161.6
2015-05-24 02:15:00,174.4
2015-05-24 02:30:00,178.4
2015-05-24 02:45:00,173.6
2015-05-24 03:00:00,172.4
2015-05-24 03:15:00,164
2015-05-24 03:30:00,180
2015-05-24 03:45:00,176.4
2015-05-24 04:00:00,182
2015-05-24 04:15:00,158.8
2015-05-24 04:30:00,179.2
2015-05-24 04:45:00,180.8
2015-05-24 05:00:00,172.8
2015-05-24 05:15:00,160.8
2015-05-24 05:30:00,169.2
2015-05-24 05:45:00,179.6
2015-05-24 06:00:00,174
2015-05-24 06:15:00,163.2
2015-05-24 06:30:00,176
2015-05-24 06:45:00,174
2015-05-24 07:00:00,170.4
2015-05-24 07:15:00,142.4
2015-05-24 07:30:00,158.4
2015-05-24 07:45:00,153.2
2015-05-24 08:00:00,140.8
2015-05-24 08:15:00,161.2
2015-05-24 08:30:00,163.6
2015-05-24 08:45:00,152
2015-05-24 09:00:00,164.8
2015-05-24 09:15:00,169.2
2015-05-24 09:30:00,146.8
2015-05-24 09:45:00,175.6
2015-05-24 10:00:00,154.8
2015-05-24 10:15:00,148.4
2015-05-24 10:30:00,148.8
2015-05-24 10:45:00,150.4
2015-05-24 11:00:00,151.6
2015-05-24 11:15:00,152.4
2015-05-24 11:30:00,156
2015-05-24 11:45:00,150
2015-05-24 12:00:00,154.4
2015-05-24 12:15:00,151.6
2015-05-24 12:30:00,154
2015-05-24 12:45:00,152.8
2015-05-24 13:00:00,147.2
2015-05-24 13:15:00,143.2
2015-05-24 13:30:00,141.2
2015-05-24 13:45:00,141.2
2015-05-24 14:00:00,137.6
2015-05-24 14:15:00,142.4
2015-05-24 14:30:00,141.2
2015-05-24 14:45:00,140.8
2015-05-24 15:00:00,144.4
2015-05-24 15:15:00,147.2
2015-05-24 15:30:00,145.6
2015-05-24 15:45:00,138.4
2015-05-24 16:00:00,139.2
2015-05-24 16:15:00,139.2
2015-05-24 16:30:00,140.4
2015-05-24 16:45:00,142.4
2015-05-24 17:00:00,137.2
2015-05-24 17:15:00,144.8
2015-05-24 17:30:00,140
2015-05-24 17:45:00,141.6
2015-05-24 18:00:00,140.4
2015-05-24 18:15:00,138.8
2015-05-24 18:30:00,142
2015-05-24 18:45:00,144.4
2015-05-24 19:00:00,144.8
2015-05-24 19:15:00,153.6
2015-05-24 19:30:00,152.4
2015-05-24 19:45:00,155.2
2015-05-24 20:00:00,158.4
2015-05-24 20:15:00,158.4
2015-05-24 20:30:00,157.2
2015-05-24 20:45:00,160
2015-05-24 21:00:00,158.8
2015-05-24 21:15:00,160.8
2015-05-24 21:30:00,155.6
2015-05-24 21:45:00,165.2
2015-05-24 22:00:00,161.2
2015-05-24 22:15:00,160.8
2015-05-24 22:30:00,161.2
2015-05-24 22:45:00,163.2
2015-05-24 23:00:00,159.6
2015-05-24 23:15:00,158.8
2015-05-24 23:30:00,166.8
2015-05-24 23:45:00,157.2
2015-05-25 00:00:00,166
2015-05-25 00:15:00,156
2015-05-25 00:30:00,160
2015-05-25 00:45:00,173.6
2015-05-25 01:00:00,157.6
2015-05-25 01:15:00,170
2015-05-25 01:30:00,156.8
2015-05-25 01:45:00,165.6
2015-05-25 02:00:00,154.8
2015-05-25 02:15:00,158.4
2015-05-25 02:30:00,165.2
2015-05-25 02:45:00,155.2
2015-05-25 03:00:00,170
2015-05-25 03:15:00,155.6
2015-05-25 03:30:00,169.2
2015-05-25 03:45:00,160.4
2015-05-25 04:00:00,162.4
2015-05-25 04:15:00,169.2
2015-05-25 04:30:00,159.6
2015-05-25 04:45:00,176.4
2015-05-25 05:00:00,167.2
2015-05-25 05:15:00,179.6
2015-05-25 05:30:00,182
2015-05-25 05:45:00,177.6
2015-05-25 06:00:00,322.4
2015-05-25 06:15:00,351.2
2015-05-25 06:30:00,394.4
2015-05-25 06:45:00,403.2
2015-05-25 07:00:00,353.2
2015-05-25 07:15:00,358
2015-05-25 07:30:00,315.6
2015-05-25 07:45:00,357.6
2015-05-25 08:00:00,414.8
2015-05-25 08:15:00,505.6
2015-05-25 08:30:00,549.2
2015-05-25 08:45:00,555.6
2015-05-25 09:00:00,568.4
2015-05-25 09:15:00,533.2
2015-05-25 09:30:00,549.2
2015-05-25 09:45:00,580
2015-05-25 10:00:00,558.4
2015-05-25 10:15:00,624.8
2015-05-25 10:30:00,585.6
2015-05-25 10:45:00,596.8
2015-05-25 11:00:00,586.8
2015-05-25 11:15:00,597.6
2015-05-25 11:30:00,581.6
2015-05-25 11:45:00,615.2
2015-05-25 12:00:00,625.6
2015-05-25 12:15:00,596
2015-05-25 12:30:00,621.6
2015-05-25 12:45:00,615.6
2015-05-25 13:00:00,654.8
2015-05-25 13:15:00,661.2
2015-05-25 13:30:00,668
2015-05-25 13:45:00,637.2
2015-05-25 14:00:00,616.8
2015-05-25 14:15:00,643.2
2015-05-25 14:30:00,621.6
2015-05-25 14:45:00,619.6
2015-05-25 15:00:00,597.6
2015-05-25 15:15:00,563.6
2015-05-25 15:30:00,552
2015-05-25 15:45:00,529.2
2015-05-25 16:00:00,525.6
2015-05-25 16:15:00,512
2015-05-25 16:30:00,518.8
2015-05-25 16:45:00,504.4
2015-05-25 17:00:00,509.2
2015-05-25 17:15:00,514.4
2015-05-25 17:30:00,496
2015-05-25 17:45:00,496.8
2015-05-25 18:00:00,474.8
2015-05-25 18:15:00,463.6
2015-05-25 18:30:00,446
2015-05-25 18:45:00,445.6
2015-05-25 19:00:00,400
2015-05-25 19:15:00,338
2015-05-25 19:30:00,312.4
2015-05-25 19:45:00,289.6
2015-05-25 20:00:00,265.2
2015-05-25 20:15:00,227.6
2015-05-25 20:30:00,228.8
2015-05-25 20:45:00,213.2
2015-05-25 21:00:00,213.2
2015-05-25 21:15:00,210
2015-05-25 21:30:00,195.2
2015-05-25 21:45:00,192.8
2015-05-25 22:00:00,181.6
2015-05-25 22:15:00,184
2015-05-25 22:30:00,179.2
2015-05-25 22:45:00,181.6
2015-05-25 23:00:00,176.4
2015-05-25 23:15:00,170.8
2015-05-25 23:30:00,168.4
2015-05-25 23:45:00,165.6
2015-05-26 00:00:00,168.8
2015-05-26 00:15:00,164.4
2015-05-26 00:30:00,166.4
2015-05-26 00:45:00,165.6
2015-05-26 01:00:00,167.6
2015-05-26 01:15:00,166.8
2015-05-26 01:30:00,166.4
2015-05-26 01:45:00,164
2015-05-26 02:00:00,161.2
2015-05-26 02:15:00,165.6
2015-05-26 02:30:00,162
2015-05-26 02:45:00,168
2015-05-26 03:00:00,162.4
2015-05-26 03:15:00,182.4
2015-05-26 03:30:00,162.8
2015-05-26 03:45:00,174
2015-05-26 04:00:00,170.4
2015-05-26 04:15:00,172.4
2015-05-26 04:30:00,181.2
2015-05-26 04:45:00,170
2015-05-26 05:00:00,194.4
2015-05-26 05:15:00,174
2015-05-26 05:30:00,196.8
2015-05-26 05:45:00,183.2
2015-05-26 06:00:00,248.8
2015-05-26 06:15:00,374.8
2015-05-26 06:30:00,317.2
2015-05-26 06:45:00,319.2
2015-05-26 07:00:00,279.6
2015-05-26 07:15:00,296
2015-05-26 07:30:00,296.8
2015-05-26 07:45:00,308.4
2015-05-26 08:00:00,388
2015-05-26 08:15:00,433.2
2015-05-26 08:30:00,446.4
2015-05-26 08:45:00,485.2
2015-05-26 09:00:00,535.6
2015-05-26 09:15:00,506.8
2015-05-26 09:30:00,534.8
2015-05-26 09:45:00,557.6
2015-05-26 10:00:00,560.8
2015-05-26 10:15:00,556.4
2015-05-26 10:30:00,544.4
2015-05-26 10:45:00,596
2015-05-26 11:00:00,600.8
2015-05-26 11:15:00,580.4
2015-05-26 11:30:00,584
2015-05-26 11:45:00,609.6
2015-05-26 12:00:00,632.4
2015-05-26 12:15:00,619.2
2015-05-26 12:30:00,627.6
2015-05-26 12:45:00,618
2015-05-26 13:00:00,649.2
2015-05-26 13:15:00,642.8
2015-05-26 13:30:00,660.8
2015-05-26 13:45:00,626
2015-05-26 14:00:00,620
2015-05-26 14:15:00,623.6
2015-05-26 14:30:00,640
2015-05-26 14:45:00,626.4
2015-05-26 15:00:00,580.8
2015-05-26 15:15:00,571.6
2015-05-26 15:30:00,551.6
2015-05-26 15:45:00,548.8
2015-05-26 16:00:00,543.6
2015-05-26 16:15:00,541.2
2015-05-26 16:30:00,528
2015-05-26 16:45:00,502.4
2015-05-26 17:00:00,506.8
2015-05-26 17:15:00,487.2
2015-05-26 17:30:00,488.4
2015-05-26 17:45:00,484
2015-05-26 18:00:00,462
2015-05-26 18:15:00,458
2015-05-26 18:30:00,436
2015-05-26 18:45:00,440.8
2015-05-26 19:00:00,389.6
2015-05-26 19:15:00,324.4
2015-05-26 19:30:00,304
2015-05-26 19:45:00,286.8
2015-05-26 20:00:00,254.8
2015-05-26 20:15:00,220.4
2015-05-26 20:30:00,221.2
2015-05-26 20:45:00,209.2
2015-05-26 21:00:00,211.2
2015-05-26 21:15:00,206.8
2015-05-26 21:30:00,197.2
2015-05-26 21:45:00,187.6
2015-05-26 22:00:00,183.6
2015-05-26 22:15:00,182.8
2015-05-26 22:30:00,179.6
2015-05-26 22:45:00,185.2
2015-05-26 23:00:00,172.4
2015-05-26 23:15:00,170.4
2015-05-26 23:30:00,165.2
2015-05-26 23:45:00,165.6
2015-05-27 00:00:00,163.6
2015-05-27 00:15:00,169.6
2015-05-27 00:30:00,169.2
2015-05-27 00:45:00,164.4
2015-05-27 01:00:00,172
2015-05-27 01:15:00,166.8
2015-05-27 01:30:00,163.6
2015-05-27 01:45:00,170
2015-05-27 02:00:00,165.6
2015-05-27 02:15:00,177.6
2015-05-27 02:30:00,162.4
2015-05-27 02:45:00,184.4
2015-05-27 03:00:00,162.8
2015-05-27 03:15:00,176
2015-05-27 03:30:00,166
2015-05-27 03:45:00,173.6
2015-05-27 04:00:00,172.8
2015-05-27 04:15:00,165.6
2015-05-27 04:30:00,185.6
2015-05-27 04:45:00,166.8
2015-05-27 05:00:00,194.4
2015-05-27 05:15:00,182.8
2015-05-27 05:30:00,196.4
2015-05-27 05:45:00,190.8
2015-05-27 06:00:00,261.6
2015-05-27 06:15:00,414.8
2015-05-27 06:30:00,376.8
2015-05-27 06:45:00,349.6
2015-05-27 07:00:00,310.8
2015-05-27 07:15:00,318.4
2015-05-27 07:30:00,326.8
2015-05-27 07:45:00,342
2015-05-27 08:00:00,403.2
2015-05-27 08:15:00,475.2
2015-05-27 08:30:00,524.4
2015-05-27 08:45:00,539.6
2015-05-27 09:00:00,544.8
2015-05-27 09:15:00,514.4
2015-05-27 09:30:00,540.8
2015-05-27 09:45:00,553.2
2015-05-27 10:00:00,577.2
2015-05-27 10:15:00,582.4
2015-05-27 10:30:00,590.8
2015-05-27 10:45:00,567.2
2015-05-27 11:00:00,550.4
2015-05-27 11:15:00,567.6
2015-05-27 11:30:00,578
2015-05-27 11:45:00,618.8
2015-05-27 12:00:00,611.6
2015-05-27 12:15:00,621.6
2015-05-27 12:30:00,594.4
2015-05-27 12:45:00,644
2015-05-27 13:00:00,642
2015-05-27 13:15:00,640.8
2015-05-27 13:30:00,651.6
2015-05-27 13:45:00,622
2015-05-27 14:00:00,623.6
2015-05-27 14:15:00,620
2015-05-27 14:30:00,632.4
2015-05-27 14:45:00,634
2015-05-27 15:00:00,600.8
2015-05-27 15:15:00,589.2
2015-05-27 15:30:00,546
2015-05-27 15:45:00,532
2015-05-27 16:00:00,521.2
2015-05-27 16:15:00,531.2
2015-05-27 16:30:00,474.8
2015-05-27 16:45:00,458.8
2015-05-27 17:00:00,467.2
2015-05-27 17:15:00,444.4
2015-05-27 17:30:00,446.4
2015-05-27 17:45:00,436.8
2015-05-27 18:00:00,440.4
2015-05-27 18:15:00,415.2
2015-05-27 18:30:00,397.6
2015-05-27 18:45:00,399.6
2015-05-27 19:00:00,346
2015-05-27 19:15:00,301.6
2015-05-27 19:30:00,278
2015-05-27 19:45:00,270.4
2015-05-27 20:00:00,242
2015-05-27 20:15:00,218
2015-05-27 20:30:00,216.8
2015-05-27 20:45:00,212
2015-05-27 21:00:00,219.6
2015-05-27 21:15:00,210.4
2015-05-27 21:30:00,204.4
2015-05-27 21:45:00,192.8
2015-05-27 22:00:00,192.4
2015-05-27 22:15:00,188
2015-05-27 22:30:00,188
2015-05-27 22:45:00,186.8
2015-05-27 23:00:00,175.2
2015-05-27 23:15:00,176
2015-05-27 23:30:00,170
2015-05-27 23:45:00,175.6
2015-05-28 00:00:00,167.6
2015-05-28 00:15:00,173.6
2015-05-28 00:30:00,164.8
2015-05-28 00:45:00,170.8
2015-05-28 01:00:00,170
2015-05-28 01:15:00,162.4
2015-05-28 01:30:00,167.2
2015-05-28 01:45:00,164.4
2015-05-28 02:00:00,164.8
2015-05-28 02:15:00,166.4
2015-05-28 02:30:00,165.6
2015-05-28 02:45:00,163.2
2015-05-28 03:00:00,161.2
2015-05-28 03:15:00,168
2015-05-28 03:30:00,161.6
2015-05-28 03:45:00,171.2
2015-05-28 04:00:00,165.2
2015-05-28 04:15:00,172.4
2015-05-28 04:30:00,172.8
2015-05-28 04:45:00,174.8
2015-05-28 05:00:00,182
2015-05-28 05:15:00,182.8
2015-05-28 05:30:00,188.4
2015-05-28 05:45:00,186
2015-05-28 06:00:00,225.6
2015-05-28 06:15:00,346.8
2015-05-28 06:30:00,330.4
2015-05-28 06:45:00,311.6
2015-05-28 07:00:00,284.8
2015-05-28 07:15:00,308.8
2015-05-28 07:30:00,289.6
2015-05-28 07:45:00,338.8
2015-05-28 08:00:00,371.2
2015-05-28 08:15:00,454.8
2015-05-28 08:30:00,472
2015-05-28 08:45:00,508.4
2015-05-28 09:00:00,485.6
2015-05-28 09:15:00,523.6
2015-05-28 09:30:00,512.4
2015-05-28 09:45:00,506.8
2015-05-28 10:00:00,513.2
2015-05-28 10:15:00,507.2
2015-05-28 10:30:00,519.6
2015-05-28 10:45:00,494.8
2015-05-28 11:00:00,512.4
2015-05-28 11:15:00,543.6
2015-05-28 11:30:00,541.6
2015-05-28 11:45:00,588
2015-05-28 12:00:00,582
2015-05-28 12:15:00,604.8
2015-05-28 12:30:00,576.8
2015-05-28 12:45:00,610.8
2015-05-28 13:00:00,603.6
2015-05-28 13:15:00,650.8
2015-05-28 13:30:00,630.8
2015-05-28 13:45:00,639.2
2015-05-28 14:00:00,617.6
2015-05-28 14:15:00,663.2
2015-05-28 14:30:00,676.4
2015-05-28 14:45:00,645.2
2015-05-28 15:00:00,629.6
2015-05-28 15:15:00,674.4
2015-05-28 15:30:00,654.8
2015-05-28 15:45:00,597.6
2015-05-28 16:00:00,570.8
2015-05-28 16:15:00,550
2015-05-28 16:30:00,528.8
2015-05-28 16:45:00,517.2
2015-05-28 17:00:00,507.2
2015-05-28 17:15:00,512
2015-05-28 17:30:00,512
2015-05-28 17:45:00,490.8
2015-05-28 18:00:00,488.8
2015-05-28 18:15:00,448.8
2015-05-28 18:30:00,441.6
2015-05-28 18:45:00,433.6
2015-05-28 19:00:00,401.2
2015-05-28 19:15:00,332.8
2015-05-28 19:30:00,295.2
2015-05-28 19:45:00,292
2015-05-28 20:00:00,252.8
2015-05-28 20:15:00,219.6
2015-05-28 20:30:00,219.6
2015-05-28 20:45:00,208.8
2015-05-28 21:00:00,206
2015-05-28 21:15:00,206.4
2015-05-28 21:30:00,202.8
2015-05-28 21:45:00,192.4
2015-05-28 22:00:00,190.4
2015-05-28 22:15:00,187.2
2015-05-28 22:30:00,182.8
2015-05-28 22:45:00,187.2
2015-05-28 23:00:00,175.2
2015-05-28 23:15:00,173.6
2015-05-28 23:30:00,172.4
2015-05-28 23:45:00,172
2015-05-29 00:00:00,164.8
2015-05-29 00:15:00,169.2
2015-05-29 00:30:00,164.8
2015-05-29 00:45:00,173.2
2015-05-29 01:00:00,165.6
2015-05-29 01:15:00,167.2
2015-05-29 01:30:00,166.8
2015-05-29 01:45:00,160.8
2015-05-29 02:00:00,168.4
2015-05-29 02:15:00,162.8
2015-05-29 02:30:00,164.4
2015-05-29 02:45:00,164.4
2015-05-29 03:00:00,166.4
2015-05-29 03:15:00,163.2
2015-05-29 03:30:00,177.6
2015-05-29 03:45:00,168.8
2015-05-29 04:00:00,175.2
2015-05-29 04:15:00,165.2
2015-05-29 04:30:00,177.2
2015-05-29 04:45:00,173.2
2015-05-29 05:00:00,186.8
2015-05-29 05:15:00,187.2
2015-05-29 05:30:00,190.8
2015-05-29 05:45:00,186.8
2015-05-29 06:00:00,252.4
2015-05-29 06:15:00,326.4
2015-05-29 06:30:00,330.8
2015-05-29 06:45:00,402.8
2015-05-29 07:00:00,349.2
2015-05-29 07:15:00,371.2
2015-05-29 07:30:00,347.2
2015-05-29 07:45:00,370.8
2015-05-29 08:00:00,407.6
2015-05-29 08:15:00,480.4
2015-05-29 08:30:00,494.8
2015-05-29 08:45:00,560.8
2015-05-29 09:00:00,535.6
2015-05-29 09:15:00,518.4
2015-05-29 09:30:00,560.4
2015-05-29 09:45:00,562.4
2015-05-29 10:00:00,563.2
2015-05-29 10:15:00,538
2015-05-29 10:30:00,556
2015-05-29 10:45:00,540.4
2015-05-29 11:00:00,562
2015-05-29 11:15:00,572
2015-05-29 11:30:00,582.8
2015-05-29 11:45:00,613.2
2015-05-29 12:00:00,625.6
2015-05-29 12:15:00,646.4
2015-05-29 12:30:00,626.8
2015-05-29 12:45:00,638.8
2015-05-29 13:00:00,619.6
2015-05-29 13:15:00,643.6
2015-05-29 13:30:00,626.4
2015-05-29 13:45:00,615.2
2015-05-29 14:00:00,625.2
2015-05-29 14:15:00,634
2015-05-29 14:30:00,623.2
2015-05-29 14:45:00,616.4
2015-05-29 15:00:00,586.8
2015-05-29 15:15:00,578.4
2015-05-29 15:30:00,556.4
2015-05-29 15:45:00,529.6
2015-05-29 16:00:00,502
2015-05-29 16:15:00,510
2015-05-29 16:30:00,495.2
2015-05-29 16:45:00,495.6
2015-05-29 17:00:00,483.2
2015-05-29 17:15:00,480
2015-05-29 17:30:00,466.8
2015-05-29 17:45:00,460.8
2015-05-29 18:00:00,454.8
2015-05-29 18:15:00,403.2
2015-05-29 18:30:00,398.4
2015-05-29 18:45:00,385.6
2015-05-29 19:00:00,361.2
2015-05-29 19:15:00,312.8
2015-05-29 19:30:00,296
2015-05-29 19:45:00,290.4
2015-05-29 20:00:00,252
2015-05-29 20:15:00,217.2
2015-05-29 20:30:00,206
2015-05-29 20:45:00,197.6
2015-05-29 21:00:00,194.8
2015-05-29 21:15:00,198.4
2015-05-29 21:30:00,183.6
2015-05-29 21:45:00,178.8
2015-05-29 22:00:00,177.6
2015-05-29 22:15:00,172.8
2015-05-29 22:30:00,176.8
2015-05-29 22:45:00,172.4
2015-05-29 23:00:00,166.8
2015-05-29 23:15:00,167.6
2015-05-29 23:30:00,158.8
2015-05-29 23:45:00,162.8
2015-05-30 00:00:00,155.6
2015-05-30 00:15:00,161.6
2015-05-30 00:30:00,158.8
2015-05-30 00:45:00,156.4
2015-05-30 01:00:00,157.2
2015-05-30 01:15:00,157.6
2015-05-30 01:30:00,157.6
2015-05-30 01:45:00,157.6
2015-05-30 02:00:00,156.8
2015-05-30 02:15:00,161.6
2015-05-30 02:30:00,162.8
2015-05-30 02:45:00,157.6
2015-05-30 03:00:00,159.6
2015-05-30 03:15:00,157.2
2015-05-30 03:30:00,164
2015-05-30 03:45:00,156
2015-05-30 04:00:00,160.8
2015-05-30 04:15:00,160.4
2015-05-30 04:30:00,161.2
2015-05-30 04:45:00,167.6
2015-05-30 05:00:00,163.6
2015-05-30 05:15:00,179.6
2015-05-30 05:30:00,165.6
2015-05-30 05:45:00,178.4
2015-05-30 06:00:00,212.4
2015-05-30 06:15:00,278.8
2015-05-30 06:30:00,287.6
2015-05-30 06:45:00,260.4
2015-05-30 07:00:00,234.8
2015-05-30 07:15:00,233.6
2015-05-30 07:30:00,240
2015-05-30 07:45:00,227.6
2015-05-30 08:00:00,256
2015-05-30 08:15:00,281.2
2015-05-30 08:30:00,300.4
2015-05-30 08:45:00,304
2015-05-30 09:00:00,304
2015-05-30 09:15:00,303.2
2015-05-30 09:30:00,302.8
2015-05-30 09:45:00,304.4
2015-05-30 10:00:00,307.6
2015-05-30 10:15:00,297.6
2015-05-30 10:30:00,309.6
2015-05-30 10:45:00,304.4
2015-05-30 11:00:00,310.8
2015-05-30 11:15:00,308.8
2015-05-30 11:30:00,310
2015-05-30 11:45:00,308.8
2015-05-30 12:00:00,301.6
2015-05-30 12:15:00,312.4
2015-05-30 12:30:00,305.6
2015-05-30 12:45:00,321.6
2015-05-30 13:00:00,296.4
2015-05-30 13:15:00,276
2015-05-30 13:30:00,275.6
2015-05-30 13:45:00,268.4
2015-05-30 14:00:00,220
2015-05-30 14:15:00,172.8
2015-05-30 14:30:00,172
2015-05-30 14:45:00,170
2015-05-30 15:00:00,172
2015-05-30 15:15:00,167.2
2015-05-30 15:30:00,168.8
2015-05-30 15:45:00,161.2
2015-05-30 16:00:00,156.4
2015-05-30 16:15:00,160
2015-05-30 16:30:00,158.8
2015-05-30 16:45:00,163.6
2015-05-30 17:00:00,159.2
2015-05-30 17:15:00,156.8
2015-05-30 17:30:00,156
2015-05-30 17:45:00,153.6
2015-05-30 18:00:00,144.8
2015-05-30 18:15:00,140.8
2015-05-30 18:30:00,143.2
2015-05-30 18:45:00,139.6
2015-05-30 19:00:00,147.6
2015-05-30 19:15:00,148.4
2015-05-30 19:30:00,151.2
2015-05-30 19:45:00,149.2
2015-05-30 20:00:00,147.6
2015-05-30 20:15:00,151.2
2015-05-30 20:30:00,146.4
2015-05-30 20:45:00,150
2015-05-30 21:00:00,153.2
2015-05-30 21:15:00,153.6
2015-05-30 21:30:00,154.8
2015-05-30 21:45:00,157.6
2015-05-30 22:00:00,150.8
2015-05-30 22:15:00,152.4
2015-05-30 22:30:00,159.6
2015-05-30 22:45:00,156.4
2015-05-30 23:00:00,155.2
2015-05-30 23:15:00,148
2015-05-30 23:30:00,151.6
2015-05-30 23:45:00,152
2015-05-31 00:00:00,147.2
2015-05-31 00:15:00,151.6
2015-05-31 00:30:00,152.4
2015-05-31 00:45:00,151.2
2015-05-31 01:00:00,150.8
2015-05-31 01:15:00,153.2
2015-05-31 01:30:00,150
2015-05-31 01:45:00,153.6
2015-05-31 02:00:00,146.8
2015-05-31 02:15:00,150.4
2015-05-31 02:30:00,150.8
2015-05-31 02:45:00,150.8
2015-05-31 03:00:00,152
2015-05-31 03:15:00,150.8
2015-05-31 03:30:00,149.6
2015-05-31 03:45:00,148.8
2015-05-31 04:00:00,150.4
2015-05-31 04:15:00,150.4
2015-05-31 04:30:00,155.6
2015-05-31 04:45:00,149.6
2015-05-31 05:00:00,154
2015-05-31 05:15:00,152.4
2015-05-31 05:30:00,153.2
2015-05-31 05:45:00,148
2015-05-31 06:00:00,155.6
2015-05-31 06:15:00,154
2015-05-31 06:30:00,150.8
2015-05-31 06:45:00,154.4
2015-05-31 07:00:00,140.8
2015-05-31 07:15:00,140.8
2015-05-31 07:30:00,133.6
2015-05-31 07:45:00,133.6
2015-05-31 08:00:00,132
2015-05-31 08:15:00,136
2015-05-31 08:30:00,132.8
2015-05-31 08:45:00,130
2015-05-31 09:00:00,132.8
2015-05-31 09:15:00,133.2
2015-05-31 09:30:00,132
2015-05-31 09:45:00,132.8
2015-05-31 10:00:00,131.6
2015-05-31 10:15:00,133.2
2015-05-31 10:30:00,131.2
2015-05-31 10:45:00,129.6
2015-05-31 11:00:00,134.4
2015-05-31 11:15:00,131.2
2015-05-31 11:30:00,132.8
2015-05-31 11:45:00,132.8
2015-05-31 12:00:00,133.6
2015-05-31 12:15:00,134.4
2015-05-31 12:30:00,132.4
2015-05-31 12:45:00,135.2
2015-05-31 13:00:00,132.8
2015-05-31 13:15:00,135.2
2015-05-31 13:30:00,132.8
2015-05-31 13:45:00,138
2015-05-31 14:00:00,135.6
2015-05-31 14:15:00,134.8
2015-05-31 14:30:00,136.8
2015-05-31 14:45:00,137.2
2015-05-31 15:00:00,136
2015-05-31 15:15:00,132.4
2015-05-31 15:30:00,134.8
2015-05-31 15:45:00,132.8
2015-05-31 16:00:00,135.2
2015-05-31 16:15:00,134
2015-05-31 16:30:00,135.6
2015-05-31 16:45:00,140.8
2015-05-31 17:00:00,134
2015-05-31 17:15:00,136.4
2015-05-31 17:30:00,135.6
2015-05-31 17:45:00,137.6
2015-05-31 18:00:00,135.2
2015-05-31 18:15:00,137.2
2015-05-31 18:30:00,134.4
2015-05-31 18:45:00,132.4
2015-05-31 19:00:00,141.2
2015-05-31 19:15:00,142.8
2015-05-31 19:30:00,150
2015-05-31 19:45:00,146
2015-05-31 20:00:00,148
2015-05-31 20:15:00,150
2015-05-31 20:30:00,152
2015-05-31 20:45:00,156.8
2015-05-31 21:00:00,151.2
2015-05-31 21:15:00,154
2015-05-31 21:30:00,152.8
2015-05-31 21:45:00,150.4
2015-05-31 22:00:00,151.2
2015-05-31 22:15:00,152.8
2015-05-31 22:30:00,152.8
2015-05-31 22:45:00,151.2
2015-05-31 23:00:00,154.8
2015-05-31 23:15:00,154.4
2015-05-31 23:30:00,154.8
2015-05-31 23:45:00,149.2
2015-06-01 00:00:00,153.6
2015-06-01 00:15:00,150.4
2015-06-01 00:30:00,146.4
2015-06-01 00:45:00,151.6
2015-06-01 01:00:00,145.2
2015-06-01 01:15:00,155.2
2015-06-01 01:30:00,148
2015-06-01 01:45:00,150.8
2015-06-01 02:00:00,144.8
2015-06-01 02:15:00,153.2
2015-06-01 02:30:00,148.4
2015-06-01 02:45:00,146.4
2015-06-01 03:00:00,152.8
2015-06-01 03:15:00,146.8
2015-06-01 03:30:00,149.2
2015-06-01 03:45:00,148.8
2015-06-01 04:00:00,149.2
2015-06-01 04:15:00,148.8
2015-06-01 04:30:00,156.4
2015-06-01 04:45:00,150
2015-06-01 05:00:00,160.4
2015-06-01 05:15:00,163.2
2015-06-01 05:30:00,163.6
2015-06-01 05:45:00,169.2
2015-06-01 06:00:00,211.6
2015-06-01 06:15:00,338.4
2015-06-01 06:30:00,310.4
2015-06-01 06:45:00,390
2015-06-01 07:00:00,324.4
2015-06-01 07:15:00,307.2
2015-06-01 07:30:00,340.8
2015-06-01 07:45:00,331.6
2015-06-01 08:00:00,383.2
2015-06-01 08:15:00,416.4
2015-06-01 08:30:00,458
2015-06-01 08:45:00,436
2015-06-01 09:00:00,426
2015-06-01 09:15:00,434.8
2015-06-01 09:30:00,418.4
2015-06-01 09:45:00,430.8
2015-06-01 10:00:00,436
2015-06-01 10:15:00,443.2
2015-06-01 10:30:00,442.8
2015-06-01 10:45:00,441.2
2015-06-01 11:00:00,470.8
2015-06-01 11:15:00,461.2
2015-06-01 11:30:00,475.6
2015-06-01 11:45:00,470
2015-06-01 12:00:00,480
2015-06-01 12:15:00,501.6
2015-06-01 12:30:00,496.4
2015-06-01 12:45:00,497.2
2015-06-01 13:00:00,491.6
2015-06-01 13:15:00,493.6
2015-06-01 13:30:00,488
2015-06-01 13:45:00,498.4
2015-06-01 14:00:00,479.2
2015-06-01 14:15:00,507.2
2015-06-01 14:30:00,498
2015-06-01 14:45:00,482.8
2015-06-01 15:00:00,486.8
2015-06-01 15:15:00,433.6
2015-06-01 15:30:00,416.8
2015-06-01 15:45:00,404
2015-06-01 16:00:00,409.6
2015-06-01 16:15:00,404
2015-06-01 16:30:00,411.2
2015-06-01 16:45:00,408.8
2015-06-01 17:00:00,401.6
2015-06-01 17:15:00,407.6
2015-06-01 17:30:00,390.4
2015-06-01 17:45:00,405.2
2015-06-01 18:00:00,398.8
2015-06-01 18:15:00,404
2015-06-01 18:30:00,402
2015-06-01 18:45:00,402.4
2015-06-01 19:00:00,371.6
2015-06-01 19:15:00,318.4
2015-06-01 19:30:00,291.2
2015-06-01 19:45:00,283.2
2015-06-01 20:00:00,254.4
2015-06-01 20:15:00,213.6
2015-06-01 20:30:00,213.6
2015-06-01 20:45:00,200
2015-06-01 21:00:00,199.2
2015-06-01 21:15:00,194
2015-06-01 21:30:00,176
2015-06-01 21:45:00,179.6
2015-06-01 22:00:00,168
2015-06-01 22:15:00,170
2015-06-01 22:30:00,169.2
2015-06-01 22:45:00,168.4
2015-06-01 23:00:00,158.8
2015-06-01 23:15:00,154
2015-06-01 23:30:00,154
2015-06-01 23:45:00,151.6
2015-06-02 00:00:00,153.6
2015-06-02 00:15:00,144.8
2015-06-02 00:30:00,154.8
2015-06-02 00:45:00,149.2
2015-06-02 01:00:00,150.4
2015-06-02 01:15:00,153.2
2015-06-02 01:30:00,147.2
2015-06-02 01:45:00,151.2
2015-06-02 02:00:00,145.6
2015-06-02 02:15:00,147.2
2015-06-02 02:30:00,145.2
2015-06-02 02:45:00,148.8
2015-06-02 03:00:00,147.2
2015-06-02 03:15:00,148.8
2015-06-02 03:30:00,148.8
2015-06-02 03:45:00,148.8
2015-06-02 04:00:00,149.6
2015-06-02 04:15:00,148.4
2015-06-02 04:30:00,151.2
2015-06-02 04:45:00,153.2
2015-06-02 05:00:00,160
2015-06-02 05:15:00,161.2
2015-06-02 05:30:00,166.4
2015-06-02 05:45:00,163.2
2015-06-02 06:00:00,208
2015-06-02 06:15:00,279.6
2015-06-02 06:30:00,288.8
2015-06-02 06:45:00,262.8
2015-06-02 07:00:00,224.4
2015-06-02 07:15:00,231.2
2015-06-02 07:30:00,216.4
2015-06-02 07:45:00,214.4
2015-06-02 08:00:00,246.4
2015-06-02 08:15:00,261.2
2015-06-02 08:30:00,269.6
2015-06-02 08:45:00,269.6
2015-06-02 09:00:00,268
2015-06-02 09:15:00,264.4
2015-06-02 09:30:00,265.2
2015-06-02 09:45:00,272.8
2015-06-02 10:00:00,268
2015-06-02 10:15:00,272.8
2015-06-02 10:30:00,265.6
2015-06-02 10:45:00,269.6
2015-06-02 11:00:00,264
2015-06-02 11:15:00,261.6
2015-06-02 11:30:00,263.2
2015-06-02 11:45:00,255.2
2015-06-02 12:00:00,263.2
2015-06-02 12:15:00,260.8
2015-06-02 12:30:00,265.2
2015-06-02 12:45:00,261.6
2015-06-02 13:00:00,266.4
2015-06-02 13:15:00,277.2
2015-06-02 13:30:00,266.8
2015-06-02 13:45:00,273.6
2015-06-02 14:00:00,268.8
2015-06-02 14:15:00,274.4
2015-06-02 14:30:00,270.4
2015-06-02 14:45:00,269.6
2015-06-02 15:00:00,270
2015-06-02 15:15:00,274
2015-06-02 15:30:00,276
2015-06-02 15:45:00,271.6
2015-06-02 16:00:00,274
2015-06-02 16:15:00,269.2
2015-06-02 16:30:00,274.8
2015-06-02 16:45:00,271.6
2015-06-02 17:00:00,271.2
2015-06-02 17:15:00,273.2
2015-06-02 17:30:00,269.2
2015-06-02 17:45:00,270.8
2015-06-02 18:00:00,268.8
2015-06-02 18:15:00,276.8
2015-06-02 18:30:00,266.4
2015-06-02 18:45:00,269.2
2015-06-02 19:00:00,261.6
2015-06-02 19:15:00,248.4
2015-06-02 19:30:00,238.8
2015-06-02 19:45:00,229.6
2015-06-02 20:00:00,206.4
2015-06-02 20:15:00,175.6
2015-06-02 20:30:00,174.4
2015-06-02 20:45:00,172.4
2015-06-02 21:00:00,173.2
2015-06-02 21:15:00,180
2015-06-02 21:30:00,174
2015-06-02 21:45:00,170.4
2015-06-02 22:00:00,169.2
2015-06-02 22:15:00,171.2
2015-06-02 22:30:00,166.8
2015-06-02 22:45:00,170.4
2015-06-02 23:00:00,156
2015-06-02 23:15:00,159.6
2015-06-02 23:30:00,150
2015-06-02 23:45:00,157.2
2015-06-03 00:00:00,154.8
2015-06-03 00:15:00,151.6
2015-06-03 00:30:00,150.4
2015-06-03 00:45:00,152.8
2015-06-03 01:00:00,150.8
2015-06-03 01:15:00,149.6
2015-06-03 01:30:00,149.6
2015-06-03 01:45:00,145.6
2015-06-03 02:00:00,148.4
2015-06-03 02:15:00,152.8
2015-06-03 02:30:00,148.8
2015-06-03 02:45:00,151.2
2015-06-03 03:00:00,146.4
2015-06-03 03:15:00,147.2
2015-06-03 03:30:00,147.2
2015-06-03 03:45:00,146
2015-06-03 04:00:00,150
2015-06-03 04:15:00,148.8
2015-06-03 04:30:00,160.4
2015-06-03 04:45:00,156.4
2015-06-03 05:00:00,160.4
2015-06-03 05:15:00,162.4
2015-06-03 05:30:00,165.2
2015-06-03 05:45:00,164.8
2015-06-03 06:00:00,220
2015-06-03 06:15:00,388
2015-06-03 06:30:00,432.8
2015-06-03 06:45:00,386.8
2015-06-03 07:00:00,332
2015-06-03 07:15:00,339.2
2015-06-03 07:30:00,361.2
2015-06-03 07:45:00,384
2015-06-03 08:00:00,448.8
2015-06-03 08:15:00,489.2
2015-06-03 08:30:00,538.4
2015-06-03 08:45:00,573.6
2015-06-03 09:00:00,581.6
2015-06-03 09:15:00,571.6
2015-06-03 09:30:00,580.8
2015-06-03 09:45:00,589.6
2015-06-03 10:00:00,618.8
2015-06-03 10:15:00,635.6
2015-06-03 10:30:00,626
2015-06-03 10:45:00,628.8
2015-06-03 11:00:00,597.2
2015-06-03 11:15:00,631.6
2015-06-03 11:30:00,630
2015-06-03 11:45:00,680
2015-06-03 12:00:00,682.8
2015-06-03 12:15:00,676
2015-06-03 12:30:00,672.8
2015-06-03 12:45:00,657.6
2015-06-03 13:00:00,689.6
2015-06-03 13:15:00,683.6
2015-06-03 13:30:00,687.6
2015-06-03 13:45:00,664.4
2015-06-03 14:00:00,678.8
2015-06-03 14:15:00,682.8
2015-06-03 14:30:00,651.2
2015-06-03 14:45:00,665.6
2015-06-03 15:00:00,652
2015-06-03 15:15:00,635.6
2015-06-03 15:30:00,578.4
2015-06-03 15:45:00,604.8
2015-06-03 16:00:00,580.4
2015-06-03 16:15:00,545.2
2015-06-03 16:30:00,564
2015-06-03 16:45:00,531.6
2015-06-03 17:00:00,540
2015-06-03 17:15:00,523.6
2015-06-03 17:30:00,514.4
2015-06-03 17:45:00,507.2
2015-06-03 18:00:00,509.2
2015-06-03 18:15:00,490.4
2015-06-03 18:30:00,489.2
2015-06-03 18:45:00,489.2
2015-06-03 19:00:00,444.8
2015-06-03 19:15:00,393.2
2015-06-03 19:30:00,323.6
2015-06-03 19:45:00,322.8
2015-06-03 20:00:00,280.4
2015-06-03 20:15:00,234
2015-06-03 20:30:00,235.6
2015-06-03 20:45:00,217.2
2015-06-03 21:00:00,233.2
2015-06-03 21:15:00,220
2015-06-03 21:30:00,209.6
2015-06-03 21:45:00,202
2015-06-03 22:00:00,199.2
2015-06-03 22:15:00,201.6
2015-06-03 22:30:00,191.2
2015-06-03 22:45:00,200
2015-06-03 23:00:00,180.4
2015-06-03 23:15:00,186.4
2015-06-03 23:30:00,175.6
2015-06-03 23:45:00,183.2
2015-06-04 00:00:00,169.2
2015-06-04 00:15:00,176.4
2015-06-04 00:30:00,176
2015-06-04 00:45:00,170.4
2015-06-04 01:00:00,174.8
2015-06-04 01:15:00,174
2015-06-04 01:30:00,166.4
2015-06-04 01:45:00,171.2
2015-06-04 02:00:00,169.2
2015-06-04 02:15:00,161.2
2015-06-04 02:30:00,165.2
2015-06-04 02:45:00,164.4
2015-06-04 03:00:00,166.4
2015-06-04 03:15:00,164.8
2015-06-04 03:30:00,162.4
2015-06-04 03:45:00,164
2015-06-04 04:00:00,157.2
2015-06-04 04:15:00,166
2015-06-04 04:30:00,167.2
2015-06-04 04:45:00,162.8
2015-06-04 05:00:00,179.2
2015-06-04 05:15:00,175.6
2015-06-04 05:30:00,177.6
2015-06-04 05:45:00,178.8
2015-06-04 06:00:00,221.6
2015-06-04 06:15:00,388.4
2015-06-04 06:30:00,408.8
2015-06-04 06:45:00,412
2015-06-04 07:00:00,365.6
2015-06-04 07:15:00,366.4
2015-06-04 07:30:00,367.6
2015-06-04 07:45:00,381.6
2015-06-04 08:00:00,449.6
2015-06-04 08:15:00,512.8
2015-06-04 08:30:00,594.8
2015-06-04 08:45:00,649.2
2015-06-04 09:00:00,630.8
2015-06-04 09:15:00,615.2
2015-06-04 09:30:00,636
2015-06-04 09:45:00,615.2
2015-06-04 10:00:00,636
2015-06-04 10:15:00,673.2
2015-06-04 10:30:00,652.4
2015-06-04 10:45:00,671.2
2015-06-04 11:00:00,665.6
2015-06-04 11:15:00,677.2
2015-06-04 11:30:00,644.8
2015-06-04 11:45:00,690.4
2015-06-04 12:00:00,697.6
2015-06-04 12:15:00,699.6
2015-06-04 12:30:00,672
2015-06-04 12:45:00,695.6
2015-06-04 13:00:00,719.6
2015-06-04 13:15:00,734
2015-06-04 13:30:00,732.4
2015-06-04 13:45:00,708.8
2015-06-04 14:00:00,694
2015-06-04 14:15:00,703.2
2015-06-04 14:30:00,722.4
2015-06-04 14:45:00,722.8
2015-06-04 15:00:00,737.6
2015-06-04 15:15:00,778.4
2015-06-04 15:30:00,710
2015-06-04 15:45:00,736
2015-06-04 16:00:00,688.4
2015-06-04 16:15:00,696.8
2015-06-04 16:30:00,670.8
2015-06-04 16:45:00,661.6
2015-06-04 17:00:00,652.8
2015-06-04 17:15:00,640.8
2015-06-04 17:30:00,623.2
2015-06-04 17:45:00,614.4
2015-06-04 18:00:00,592.4
2015-06-04 18:15:00,591.2
2015-06-04 18:30:00,572
2015-06-04 18:45:00,569.6
2015-06-04 19:00:00,504
2015-06-04 19:15:00,442.4
2015-06-04 19:30:00,403.6
2015-06-04 19:45:00,392
2015-06-04 20:00:00,317.6
2015-06-04 20:15:00,251.6
2015-06-04 20:30:00,244.8
2015-06-04 20:45:00,233.2
2015-06-04 21:00:00,249.6
2015-06-04 21:15:00,227.2
2015-06-04 21:30:00,239.2
2015-06-04 21:45:00,202.8
2015-06-04 22:00:00,208.4
2015-06-04 22:15:00,200.4
2015-06-04 22:30:00,204
2015-06-04 22:45:00,197.2
2015-06-04 23:00:00,189.2
2015-06-04 23:15:00,191.6
2015-06-04 23:30:00,179.2
2015-06-04 23:45:00,188.4
2015-06-05 00:00:00,173.6
2015-06-05 00:15:00,184
2015-06-05 00:30:00,177.6
2015-06-05 00:45:00,178.4
2015-06-05 01:00:00,178.8
2015-06-05 01:15:00,168.4
2015-06-05 01:30:00,180.8
2015-06-05 01:45:00,170.4
2015-06-05 02:00:00,178
2015-06-05 02:15:00,170
2015-06-05 02:30:00,176.4
2015-06-05 02:45:00,175.2
2015-06-05 03:00:00,170.8
2015-06-05 03:15:00,171.2
2015-06-05 03:30:00,165.6
2015-06-05 03:45:00,171.6
2015-06-05 04:00:00,168.4
2015-06-05 04:15:00,166.8
2015-06-05 04:30:00,174
2015-06-05 04:45:00,170.4
2015-06-05 05:00:00,176.4
2015-06-05 05:15:00,180
2015-06-05 05:30:00,182.4
2015-06-05 05:45:00,184
2015-06-05 06:00:00,243.2
2015-06-05 06:15:00,444
2015-06-05 06:30:00,502.4
2015-06-05 06:45:00,460.8
2015-06-05 07:00:00,430
2015-06-05 07:15:00,432
2015-06-05 07:30:00,443.2
2015-06-05 07:45:00,477.2
2015-06-05 08:00:00,529.2
2015-06-05 08:15:00,604.8
2015-06-05 08:30:00,615.2
2015-06-05 08:45:00,711.6
2015-06-05 09:00:00,714.4
2015-06-05 09:15:00,708.4
2015-06-05 09:30:00,708.4
2015-06-05 09:45:00,698
2015-06-05 10:00:00,734
2015-06-05 10:15:00,786
2015-06-05 10:30:00,781.6
2015-06-05 10:45:00,741.2
2015-06-05 11:00:00,727.6
2015-06-05 11:15:00,726.4
2015-06-05 11:30:00,724.8
2015-06-05 11:45:00,772
2015-06-05 12:00:00,759.6
2015-06-05 12:15:00,782.4
2015-06-05 12:30:00,772
2015-06-05 12:45:00,795.6
2015-06-05 13:00:00,780
2015-06-05 13:15:00,798.4
2015-06-05 13:30:00,794.4
2015-06-05 13:45:00,796.8
2015-06-05 14:00:00,794
2015-06-05 14:15:00,770
2015-06-05 14:30:00,755.6
2015-06-05 14:45:00,754.4
2015-06-05 15:00:00,770
2015-06-05 15:15:00,734
2015-06-05 15:30:00,714
2015-06-05 15:45:00,683.6
2015-06-05 16:00:00,647.2
2015-06-05 16:15:00,654.4
2015-06-05 16:30:00,646
2015-06-05 16:45:00,646.8
2015-06-05 17:00:00,635.2
2015-06-05 17:15:00,634.8
2015-06-05 17:30:00,648
2015-06-05 17:45:00,627.2
2015-06-05 18:00:00,614.4
2015-06-05 18:15:00,560.8
2015-06-05 18:30:00,547.2
2015-06-05 18:45:00,535.2
2015-06-05 19:00:00,494
2015-06-05 19:15:00,424.8
2015-06-05 19:30:00,402
2015-06-05 19:45:00,397.6
2015-06-05 20:00:00,327.2
2015-06-05 20:15:00,266.4
2015-06-05 20:30:00,255.2
2015-06-05 20:45:00,251.6
2015-06-05 21:00:00,250
2015-06-05 21:15:00,243.6
2015-06-05 21:30:00,236.4
2015-06-05 21:45:00,223.2
2015-06-05 22:00:00,225.6
2015-06-05 22:15:00,220.8
2015-06-05 22:30:00,217.6
2015-06-05 22:45:00,215.2
2015-06-05 23:00:00,207.2
2015-06-05 23:15:00,210
2015-06-05 23:30:00,195.6
2015-06-05 23:45:00,196.8
2015-06-06 00:00:00,198.8
2015-06-06 00:15:00,200
2015-06-06 00:30:00,196
2015-06-06 00:45:00,195.2
2015-06-06 01:00:00,187.6
2015-06-06 01:15:00,191.6
2015-06-06 01:30:00,191.6
2015-06-06 01:45:00,189.2
2015-06-06 02:00:00,192
2015-06-06 02:15:00,186.8
2015-06-06 02:30:00,190.4
2015-06-06 02:45:00,187.6
2015-06-06 03:00:00,187.2
2015-06-06 03:15:00,185.6
2015-06-06 03:30:00,184.8
2015-06-06 03:45:00,188.8
2015-06-06 04:00:00,183.6
2015-06-06 04:15:00,186.4
2015-06-06 04:30:00,184
2015-06-06 04:45:00,188.8
2015-06-06 05:00:00,195.2
2015-06-06 05:15:00,194.4
2015-06-06 05:30:00,194
2015-06-06 05:45:00,192
2015-06-06 06:00:00,229.6
2015-06-06 06:15:00,324.4
2015-06-06 06:30:00,411.2
2015-06-06 06:45:00,382.4
2015-06-06 07:00:00,335.2
2015-06-06 07:15:00,346
2015-06-06 07:30:00,339.6
2015-06-06 07:45:00,349.2
2015-06-06 08:00:00,366.8
2015-06-06 08:15:00,433.6
2015-06-06 08:30:00,434
2015-06-06 08:45:00,434.4
2015-06-06 09:00:00,419.6
2015-06-06 09:15:00,425.2
2015-06-06 09:30:00,432.8
2015-06-06 09:45:00,429.6
2015-06-06 10:00:00,445.6
2015-06-06 10:15:00,440
2015-06-06 10:30:00,453.6
2015-06-06 10:45:00,443.2
2015-06-06 11:00:00,447.2
2015-06-06 11:15:00,447.6
2015-06-06 11:30:00,441.2
2015-06-06 11:45:00,454
2015-06-06 12:00:00,443.2
2015-06-06 12:15:00,464
2015-06-06 12:30:00,448.4
2015-06-06 12:45:00,457.6
2015-06-06 13:00:00,432.8
2015-06-06 13:15:00,395.6
2015-06-06 13:30:00,395.6
2015-06-06 13:45:00,390
2015-06-06 14:00:00,325.6
2015-06-06 14:15:00,234
2015-06-06 14:30:00,243.6
2015-06-06 14:45:00,236
2015-06-06 15:00:00,237.2
2015-06-06 15:15:00,232.4
2015-06-06 15:30:00,232.4
2015-06-06 15:45:00,230
2015-06-06 16:00:00,229.2
2015-06-06 16:15:00,232.8
2015-06-06 16:30:00,230
2015-06-06 16:45:00,231.2
2015-06-06 17:00:00,235.2
2015-06-06 17:15:00,235.2
2015-06-06 17:30:00,224
2015-06-06 17:45:00,224.4
2015-06-06 18:00:00,213.6
2015-06-06 18:15:00,206.4
2015-06-06 18:30:00,220
2015-06-06 18:45:00,203.2
2015-06-06 19:00:00,217.6
2015-06-06 19:15:00,216.8
2015-06-06 19:30:00,218.8
2015-06-06 19:45:00,215.6
2015-06-06 20:00:00,212.8
2015-06-06 20:15:00,215.2
2015-06-06 20:30:00,206
2015-06-06 20:45:00,212.8
2015-06-06 21:00:00,209.6
2015-06-06 21:15:00,206.8
2015-06-06 21:30:00,203.2
2015-06-06 21:45:00,206.8
2015-06-06 22:00:00,206.8
2015-06-06 22:15:00,205.6
2015-06-06 22:30:00,196
2015-06-06 22:45:00,197.6
2015-06-06 23:00:00,203.2
2015-06-06 23:15:00,190.8
2015-06-06 23:30:00,196
2015-06-06 23:45:00,189.6
2015-06-07 00:00:00,185.2
2015-06-07 00:15:00,185.6
2015-06-07 00:30:00,174.8
2015-06-07 00:45:00,182.4
2015-06-07 01:00:00,176.4
2015-06-07 01:15:00,183.6
2015-06-07 01:30:00,177.2
2015-06-07 01:45:00,176.4
2015-06-07 02:00:00,185.2
2015-06-07 02:15:00,176
2015-06-07 02:30:00,180
2015-06-07 02:45:00,179.6
2015-06-07 03:00:00,188.4
2015-06-07 03:15:00,187.6
2015-06-07 03:30:00,186.4
2015-06-07 03:45:00,186.4
2015-06-07 04:00:00,185.2
2015-06-07 04:15:00,189.2
2015-06-07 04:30:00,180.4
2015-06-07 04:45:00,187.6
2015-06-07 05:00:00,184
2015-06-07 05:15:00,187.2
2015-06-07 05:30:00,186
2015-06-07 05:45:00,190
2015-06-07 06:00:00,184.8
2015-06-07 06:15:00,180.4
2015-06-07 06:30:00,179.6
2015-06-07 06:45:00,179.2
2015-06-07 07:00:00,172.8
2015-06-07 07:15:00,166
2015-06-07 07:30:00,168
2015-06-07 07:45:00,166.8
2015-06-07 08:00:00,164.4
2015-06-07 08:15:00,166.4
2015-06-07 08:30:00,162
2015-06-07 08:45:00,167.2
2015-06-07 09:00:00,166
2015-06-07 09:15:00,166.4
2015-06-07 09:30:00,162.4
2015-06-07 09:45:00,166.8
2015-06-07 10:00:00,169.6
2015-06-07 10:15:00,168.4
2015-06-07 10:30:00,166.8
2015-06-07 10:45:00,175.2
2015-06-07 11:00:00,180.4
2015-06-07 11:15:00,176.8
2015-06-07 11:30:00,186
2015-06-07 11:45:00,180.4
2015-06-07 12:00:00,189.2
2015-06-07 12:15:00,188.8
2015-06-07 12:30:00,185.6
2015-06-07 12:45:00,193.6
2015-06-07 13:00:00,181.6
2015-06-07 13:15:00,195.6
2015-06-07 13:30:00,189.2
2015-06-07 13:45:00,186.8
2015-06-07 14:00:00,189.6
2015-06-07 14:15:00,179.2
2015-06-07 14:30:00,196.8
2015-06-07 14:45:00,188.8
2015-06-07 15:00:00,189.2
2015-06-07 15:15:00,187.2
2015-06-07 15:30:00,195.6
2015-06-07 15:45:00,192
2015-06-07 16:00:00,196
2015-06-07 16:15:00,188.8
2015-06-07 16:30:00,184.4
2015-06-07 16:45:00,191.2
2015-06-07 17:00:00,188
2015-06-07 17:15:00,189.2
2015-06-07 17:30:00,195.2
2015-06-07 17:45:00,189.6
2015-06-07 18:00:00,181.6
2015-06-07 18:15:00,187.6
2015-06-07 18:30:00,182
2015-06-07 18:45:00,185.2
2015-06-07 19:00:00,192
2015-06-07 19:15:00,199.2
2015-06-07 19:30:00,194.4
2015-06-07 19:45:00,189.2
2015-06-07 20:00:00,194
2015-06-07 20:15:00,191.6
2015-06-07 20:30:00,185.6
2015-06-07 20:45:00,195.6
2015-06-07 21:00:00,189.6
2015-06-07 21:15:00,192.8
2015-06-07 21:30:00,190.8
2015-06-07 21:45:00,194
2015-06-07 22:00:00,192.8
2015-06-07 22:15:00,192
2015-06-07 22:30:00,190.8
2015-06-07 22:45:00,187.2
2015-06-07 23:00:00,191.2
2015-06-07 23:15:00,184
2015-06-07 23:30:00,188
2015-06-07 23:45:00,187.6
2015-06-08 00:00:00,188
2015-06-08 00:15:00,184.8
2015-06-08 00:30:00,182.4
2015-06-08 00:45:00,187.2
2015-06-08 01:00:00,180.8
2015-06-08 01:15:00,187.2
2015-06-08 01:30:00,181.6
2015-06-08 01:45:00,181.2
2015-06-08 02:00:00,176.4
2015-06-08 02:15:00,178.8
2015-06-08 02:30:00,176.4
2015-06-08 02:45:00,176.4
2015-06-08 03:00:00,184.4
2015-06-08 03:15:00,177.6
2015-06-08 03:30:00,179.2
2015-06-08 03:45:00,176
2015-06-08 04:00:00,177.2
2015-06-08 04:15:00,175.2
2015-06-08 04:30:00,178
2015-06-08 04:45:00,182
2015-06-08 05:00:00,184
2015-06-08 05:15:00,192.8
2015-06-08 05:30:00,192.8
2015-06-08 05:45:00,192
2015-06-08 06:00:00,239.6
2015-06-08 06:15:00,468.4
2015-06-08 06:30:00,514
2015-06-08 06:45:00,522.8
2015-06-08 07:00:00,531.6
2015-06-08 07:15:00,488
2015-06-08 07:30:00,480
2015-06-08 07:45:00,478.4
2015-06-08 08:00:00,544.4
2015-06-08 08:15:00,626
2015-06-08 08:30:00,694
2015-06-08 08:45:00,742
2015-06-08 09:00:00,696
2015-06-08 09:15:00,706.4
2015-06-08 09:30:00,695.6
2015-06-08 09:45:00,716
2015-06-08 10:00:00,711.2
2015-06-08 10:15:00,752.4
2015-06-08 10:30:00,747.2
2015-06-08 10:45:00,726.4
2015-06-08 11:00:00,768.4
2015-06-08 11:15:00,750.8
2015-06-08 11:30:00,790.8
2015-06-08 11:45:00,782.8
2015-06-08 12:00:00,806.4
2015-06-08 12:15:00,807.2
2015-06-08 12:30:00,822.8
2015-06-08 12:45:00,828.4
2015-06-08 13:00:00,802.4
2015-06-08 13:15:00,831.2
2015-06-08 13:30:00,805.2
2015-06-08 13:45:00,806.8
2015-06-08 14:00:00,792.8
2015-06-08 14:15:00,795.6
2015-06-08 14:30:00,798.8
2015-06-08 14:45:00,775.2
2015-06-08 15:00:00,785.6
2015-06-08 15:15:00,740
2015-06-08 15:30:00,754.4
2015-06-08 15:45:00,694.4
2015-06-08 16:00:00,640.8
2015-06-08 16:15:00,599.6
2015-06-08 16:30:00,593.2
2015-06-08 16:45:00,609.2
2015-06-08 17:00:00,647.6
2015-06-08 17:15:00,645.2
2015-06-08 17:30:00,638.4
2015-06-08 17:45:00,636
2015-06-08 18:00:00,620
2015-06-08 18:15:00,616
2015-06-08 18:30:00,600.4
2015-06-08 18:45:00,594
2015-06-08 19:00:00,552.8
2015-06-08 19:15:00,451.6
2015-06-08 19:30:00,412.8
2015-06-08 19:45:00,390.4
2015-06-08 20:00:00,319.6
2015-06-08 20:15:00,251.2
2015-06-08 20:30:00,252
2015-06-08 20:45:00,234.8
2015-06-08 21:00:00,236.8
2015-06-08 21:15:00,235.2
2015-06-08 21:30:00,215.2
2015-06-08 21:45:00,215.6
2015-06-08 22:00:00,209.6
2015-06-08 22:15:00,210
2015-06-08 22:30:00,204.4
2015-06-08 22:45:00,205.6
2015-06-08 23:00:00,202
2015-06-08 23:15:00,191.6
2015-06-08 23:30:00,195.6
2015-06-08 23:45:00,189.2
2015-06-09 00:00:00,188.4
2015-06-09 00:15:00,181.6
2015-06-09 00:30:00,191.6
2015-06-09 00:45:00,185.6
2015-06-09 01:00:00,187.2
2015-06-09 01:15:00,184.8
2015-06-09 01:30:00,182
2015-06-09 01:45:00,186
2015-06-09 02:00:00,185.2
2015-06-09 02:15:00,183.6
2015-06-09 02:30:00,181.6
2015-06-09 02:45:00,181.6
2015-06-09 03:00:00,182.8
2015-06-09 03:15:00,178.4
2015-06-09 03:30:00,187.6
2015-06-09 03:45:00,178
2015-06-09 04:00:00,186.4
2015-06-09 04:15:00,180
2015-06-09 04:30:00,189.6
2015-06-09 04:45:00,188.4
2015-06-09 05:00:00,191.2
2015-06-09 05:15:00,197.2
2015-06-09 05:30:00,196.4
2015-06-09 05:45:00,199.2
2015-06-09 06:00:00,240.4
2015-06-09 06:15:00,476.8
2015-06-09 06:30:00,529.2
2015-06-09 06:45:00,496.4
2015-06-09 07:00:00,458
2015-06-09 07:15:00,449.2
2015-06-09 07:30:00,452
2015-06-09 07:45:00,458.4
2015-06-09 08:00:00,547.6
2015-06-09 08:15:00,624
2015-06-09 08:30:00,652.8
2015-06-09 08:45:00,674.8
2015-06-09 09:00:00,662.8
2015-06-09 09:15:00,688.4
2015-06-09 09:30:00,694.4
2015-06-09 09:45:00,709.2
2015-06-09 10:00:00,688.8
2015-06-09 10:15:00,697.6
2015-06-09 10:30:00,699.2
2015-06-09 10:45:00,697.6
2015-06-09 11:00:00,712.4
2015-06-09 11:15:00,699.2
2015-06-09 11:30:00,729.6
2015-06-09 11:45:00,729.6
2015-06-09 12:00:00,760.4
2015-06-09 12:15:00,729.2
2015-06-09 12:30:00,730
2015-06-09 12:45:00,720.8
2015-06-09 13:00:00,744.4
2015-06-09 13:15:00,764.8
2015-06-09 13:30:00,744.8
2015-06-09 13:45:00,770.4
2015-06-09 14:00:00,731.6
2015-06-09 14:15:00,756
2015-06-09 14:30:00,738.8
2015-06-09 14:45:00,740
2015-06-09 15:00:00,749.2
2015-06-09 15:15:00,741.6
2015-06-09 15:30:00,689.2
2015-06-09 15:45:00,665.2
2015-06-09 16:00:00,676.8
2015-06-09 16:15:00,642.8
2015-06-09 16:30:00,647.6
2015-06-09 16:45:00,639.2
2015-06-09 17:00:00,640.8
2015-06-09 17:15:00,626
2015-06-09 17:30:00,608
2015-06-09 17:45:00,618.8
2015-06-09 18:00:00,598.4
2015-06-09 18:15:00,596.4
2015-06-09 18:30:00,575.6
2015-06-09 18:45:00,590.8
2015-06-09 19:00:00,570
2015-06-09 19:15:00,498.4
2015-06-09 19:30:00,446.4
2015-06-09 19:45:00,408.4
2015-06-09 20:00:00,338
2015-06-09 20:15:00,257.2
2015-06-09 20:30:00,242.8
2015-06-09 20:45:00,227.2
2015-06-09 21:00:00,232
2015-06-09 21:15:00,222.8
2015-06-09 21:30:00,217.6
2015-06-09 21:45:00,217.2
2015-06-09 22:00:00,203.2
2015-06-09 22:15:00,205.2
2015-06-09 22:30:00,201.2
2015-06-09 22:45:00,202.4
2015-06-09 23:00:00,196.8
2015-06-09 23:15:00,194.4
2015-06-09 23:30:00,189.2
2015-06-09 23:45:00,188
