nan,1.978282083019442439e+01,1.494523335381477125e+01,2.733495930122225559e+01,5.598480418827949734e+01,3.011710477452923485e+01,5.993463105751283848e+01,7.227060259884467541e+01,3.767651788580940320e+01,6.024483380340169703e+01,5.114528326248446177e+01,6.258945598101994534e+01,3.167080674690825148e+01,2.723820845796557677e+01,4.208752784376782330e+01,4.017561449436482945e+01,2.819645367771698119e+01,2.523806648694915111e+01,4.369713949447412205e+01,2.117734638711320727e+01,4.452594749132244800e+01,4.153456391969947958e+01,1.101271991834894379e+02,1.316698902558979114e+02,1.139487604144948563e+02,7.534348014261105675e+01,4.152107898405333941e+01,8.435069649979163842e+01,6.547793521484931034e+01,7.545064612049283426e+01,7.967634529771083862e+01,5.361641539677893320e+01,7.651509654963513185e+01,6.285093475836263366e+01,2.093418257301927099e+01,5.907554485571851899e+01
1.978282083019442439e+01,nan,1.697056274849611412e+01,1.632666530559082929e+01,4.435071927262107749e+01,1.340447686410977113e+01,4.437476760501352402e+01,5.682393861745950403e+01,2.013951340032108916e+01,4.090965656175889364e+01,3.185718129409365673e+01,4.561929416379019386e+01,1.338656042456698358e+01,1.368795090576819717e+01,2.366769950794560984e+01,2.507907494297815632e+01,1.547643369777345157e+01,1.312707126519423717e+01,2.855731079781313753e+01,1.161378491270897229e+01,2.583021486552606305e+01,2.457966639319226587e+01,9.207040784094306218e+01,1.137203587753760416e+02,9.732502247623955327e+01,5.783286263017845386e+01,2.416940214395907560e+01,6.557316524309648287e+01,4.591818811755040741e+01,5.716362479759609982e+01,6.012786375713900355e+01,3.410337226726666415e+01,5.696455038001988669e+01,4.351183746981637768e+01,9.234717104274441368e+00,4.071756377779747282e+01
1.494523335381477125e+01,1.697056274849611412e+01,nan,1.480540441865577606e+01,5.113473357491278648e+01,2.765212469231824954e+01,5.228690084521256409e+01,6.426818808713207432e+01,2.940748204115406850e+01,5.040000000000839719e+01,4.113781715163145947e+01,5.316088787822575767e+01,2.679701475911412345e+01,1.684280261716526894e+01,3.131006228033916372e+01,3.793257175567281791e+01,1.968146336030168442e+01,2.129788721919534566e+01,3.903844259191816946e+01,1.941957775026131472e+01,3.686949958978565434e+01,3.656883919405084526e+01,1.016322783371657295e+02,1.222986508510911534e+02,1.069885975232889592e+02,6.866731391281031449e+01,3.739732610765742749e+01,7.524254115858377645e+01,5.620533782478754858e+01,6.676406218916523017e+01,7.000342848747102664e+01,4.431342911578162358e+01,6.674728458896099426e+01,5.288326767511452431e+01,2.071134954562140607e+01,5.171305444472999824e+01
2.733495930122225559e+01,1.632666530559082929e+01,1.480540441865577606e+01,nan,4.203372812399204861e+01,2.259557478804253350e+01,4.187791780879667414e+01,5.162944896083833868e+01,2.157405849628540295e+01,3.914690281493410851e+01,3.223166145269042460e+01,4.207231869057854112e+01,1.990376848738267057e+01,1.299846144747009724e+01,2.047828117789169511e+01,2.809412750025747485e+01,1.514199458457298952e+01,2.155922076503529894e+01,3.012241690172838560e+01,2.272267589871877647e+01,2.779928056631403166e+01,2.722939588018454060e+01,8.975611399787199218e+01,1.098529926765684763e+02,9.533855463555777021e+01,5.801517042980707117e+01,2.961351043019880791e+01,6.338958905059876514e+01,4.512382962472525350e+01,5.536930557627086102e+01,5.838904006745477915e+01,3.285117958313813347e+01,5.531148162903793519e+01,4.175547868244117211e+01,2.029778313011283686e+01,4.080784238355134619e+01
5.598480418827949734e+01,4.435071927262107749e+01,5.113473357491278648e+01,4.203372812399204861e+01,nan,3.503326133834556089e+01,3.281522817225076949e+01,4.205029898162086255e+01,3.136753576550172085e+01,3.398342831437958722e+01,3.549038179570582940e+01,3.709381619626302040e+01,3.533488785890176587e+01,4.081609241461833903e+01,3.151828516912484091e+01,2.896358748498781921e+01,3.743540302973023159e+01,3.982141885968245276e+01,2.966522206224902547e+01,3.903200481657381005e+01,3.001590078605513412e+01,2.777483393292592950e+01,7.073104677423715714e+01,8.901899971980159876e+01,7.392424094974283832e+01,4.314962688135612012e+01,3.460800918861171738e+01,4.989724641702209595e+01,3.789017550768716802e+01,4.277044774139019978e+01,4.611185530860775827e+01,3.714893867182355081e+01,4.363392258322362949e+01,3.479404259352992312e+01,3.790653505662236711e+01,3.475586713060488364e+01
3.011710477452923485e+01,1.340447686410977113e+01,2.765212469231824954e+01,2.259557478804253350e+01,3.503326133834556089e+01,nan,3.072979010669349620e+01,4.500844365226961941e+01,1.327252801839227381e+01,3.202249209539768060e+01,2.497038245600397133e+01,3.738020866716574631e+01,8.818163074144797164e+00,1.819010720148260773e+01,2.138410624736451027e+01,1.727888885322182588e+01,2.013554071787637767e+01,1.437776060442916126e+01,1.922914454677390239e+01,1.737124060057558950e+01,1.736663467684819651e+01,1.546609194352276795e+01,8.062853093042767227e+01,1.019450832556380391e+02,8.394569673307069024e+01,4.639310293564543741e+01,1.350555441295664671e+01,5.515940536299345354e+01,3.628994351056706336e+01,4.638275541621861464e+01,5.018366268019969567e+01,2.773589731739625464e+01,4.726774798950825840e+01,3.351656306960018838e+01,1.335065541446740411e+01,3.127427057501008179e+01
5.993463105751283848e+01,4.437476760501352402e+01,5.228690084521256409e+01,4.187791780879667414e+01,3.281522817225076949e+01,3.072979010669349620e+01,nan,2.531402773169345721e+01,2.565618833735050686e+01,1.409113196301585091e+01,1.799110891524667366e+01,1.854723699098433087e+01,3.196748347928339129e+01,3.672819080763574107e+01,2.833513719749520376e+01,2.161110825475697084e+01,4.005396359913213189e+01,3.880206180090610246e+01,2.117356842862219679e+01,4.262206001588770476e+01,1.948948434423375531e+01,2.097617696338503990e+01,5.239847326019751961e+01,7.317267249455447597e+01,5.636310850191085819e+01,2.324134247411152998e+01,2.861887489051361300e+01,2.915064321760785759e+01,1.503595690334729973e+01,2.234994407157028462e+01,2.469979757003217102e+01,1.820769068280631942e+01,2.199636333587310943e+01,1.162067123711192274e+01,4.031476156446834835e+01,1.499866660737063384e+01
7.227060259884467541e+01,5.682393861745950403e+01,6.426818808713207432e+01,5.162944896083833868e+01,4.205029898162086255e+01,4.500844365226961941e+01,2.531402773169345721e+01,nan,3.960202015050204238e+01,1.930802941787933236e+01,2.933666647729003785e+01,1.511026141400445688e+01,4.306460263368438746e+01,5.071015677361147311e+01,3.557302348692488891e+01,3.884327483621162003e+01,5.289083096341346391e+01,5.359253679384942615e+01,3.940761347761129230e+01,5.740383262464236225e+01,3.400470555674983331e+01,3.714404393709487096e+01,4.397271881522244286e+01,6.203869760073237671e+01,4.895712409853379654e+01,2.236067977501127046e+01,4.306646026781414349e+01,2.290152833329943860e+01,1.955095905577542226e+01,2.068816086548103783e+01,2.211967450034808280e+01,2.737297937749881171e+01,2.086911593723140257e+01,2.041176131547731742e+01,5.482627107509804176e+01,2.018316129849553420e+01
3.767651788580940320e+01,2.013951340032108916e+01,2.940748204115406850e+01,2.157405849628540295e+01,3.136753576550172085e+01,1.327252801839227381e+01,2.565618833735050686e+01,3.960202015050204238e+01,nan,2.720294101748859461e+01,1.754536975954941269e+01,3.075060975004099006e+01,1.280624847488392604e+01,1.642437213405930052e+01,1.657950542097856683e+01,2.147370485036766397e+01,2.145879772963758825e+01,2.400333310185156677e+01,1.651665825755011952e+01,2.579612373984465634e+01,1.348777224008967757e+01,1.593486742958220859e+01,7.565606386800038763e+01,9.661138649247776300e+01,7.910701612372214697e+01,4.248105460083730378e+01,1.632176461040453219e+01,4.953059660452763069e+01,3.101225564192759876e+01,4.113587242299467306e+01,4.409625834465515481e+01,1.973423421373566455e+01,4.062314611155234445e+01,2.766658634532581829e+01,2.236067977488620429e+01,2.620228997626204404e+01
6.024483380340169703e+01,4.090965656175889364e+01,5.040000000000839719e+01,3.914690281493410851e+01,3.398342831437958722e+01,3.202249209539768060e+01,1.409113196301585091e+01,1.930802941787933236e+01,2.720294101748859461e+01,nan,1.579873412652638365e+01,1.318787321752678565e+01,2.888875213641981432e+01,3.797472843879405247e+01,2.523172606060662915e+01,2.380588162619246972e+01,4.014971979979232231e+01,4.089205301767949408e+01,2.710867019979540160e+01,4.360366957035483182e+01,2.016730026561329936e+01,2.279298137586396322e+01,5.291049045325093658e+01,7.292077893166073466e+01,5.565896154260326512e+01,2.183208647835365568e+01,2.733788579967244559e+01,2.677909632527019568e+01,9.583318840429098984e+00,1.894412837795829674e+01,2.221350940307398503e+01,1.139122469273586447e+01,2.026622806540902388e+01,9.975971130796757791e+00,4.148252644187299154e+01,1.155162326253752170e+01
5.114528326248446177e+01,3.185718129409365673e+01,4.113781715163145947e+01,3.223166145269042460e+01,3.549038179570582940e+01,2.497038245600397133e+01,1.799110891524667366e+01,2.933666647729003785e+01,1.754536975954941269e+01,1.579873412652638365e+01,nan,1.962855063416759549e+01,2.109407499749603332e+01,2.844784701869618360e+01,2.054458566143771847e+01,2.182475658515323858e+01,3.282438118229015345e+01,2.922464713220389498e+01,2.190159811518269350e+01,3.820785259601986894e+01,1.380434714150677955e+01,1.945661841125055957e+01,6.311893535223963170e+01,8.369946236388274485e+01,6.581549969422124491e+01,3.159493630314275237e+01,2.216303228359010902e+01,3.697566767478144811e+01,1.950179478914439102e+01,2.958918721420668874e+01,3.161518622435394832e+01,1.159310139689615049e+01,2.853208720021246236e+01,1.831283702759382237e+01,3.533836442169617698e+01,1.745852227416139257e+01
6.258945598101994534e+01,4.561929416379019386e+01,5.316088787822575767e+01,4.207231869057854112e+01,3.709381619626302040e+01,3.738020866716574631e+01,1.854723699098433087e+01,1.511026141400445688e+01,3.075060975004099006e+01,1.318787321752678565e+01,1.962855063416759549e+01,nan,3.300181813174271639e+01,4.083136049659190547e+01,2.823898015158284380e+01,3.084412423781426682e+01,4.179569355807407760e+01,4.709479801423522360e+01,3.076621523678852910e+01,4.913165985391551516e+01,2.396330528116880387e+01,2.715584651599906962e+01,5.009750492791840770e+01,6.959080399021848962e+01,5.614552520015173087e+01,2.357286575708269538e+01,3.171876416255385323e+01,2.630589287591051928e+01,1.497197381768430802e+01,1.918332609319195825e+01,2.239642828664174701e+01,1.769067550998543936e+01,1.994392137980755209e+01,1.377534028616771700e+01,4.574713105759771281e+01,1.422111106768704936e+01
3.167080674690825148e+01,1.338656042456698358e+01,2.679701475911412345e+01,1.990376848738267057e+01,3.533488785890176587e+01,8.818163074144797164e+00,3.196748347928339129e+01,4.306460263368438746e+01,1.280624847488392604e+01,2.888875213641981432e+01,2.109407499749603332e+01,3.300181813174271639e+01,nan,1.552803915502297905e+01,1.592482338990789792e+01,1.546609194333747972e+01,1.828223181117853002e+01,1.909554921959153617e+01,1.973017992828745548e+01,2.049390153189411024e+01,1.587954659298356930e+01,1.363524843934391306e+01,8.003899049839363045e+01,1.014763026524024667e+02,8.399714280854794879e+01,4.553679830640793114e+01,1.518420231692382316e+01,5.323457523075346387e+01,3.388450973531428190e+01,4.494085001419139047e+01,4.799333287034251327e+01,2.237498603345197878e+01,4.495152945118216081e+01,3.171624189591967635e+01,1.652634260807882427e+01,2.873604008905518015e+01
2.723820845796557677e+01,1.368795090576819717e+01,1.684280261716526894e+01,1.299846144747009724e+01,4.081609241461833903e+01,1.819010720148260773e+01,3.672819080763574107e+01,5.071015677361147311e+01,1.642437213405930052e+01,3.797472843879405247e+01,2.844784701869618360e+01,4.083136049659190547e+01,1.552803915502297905e+01,nan,2.261327044017861709e+01,2.513961017994428815e+01,1.312707126510022526e+01,1.881701357814566578e+01,2.535823337694784030e+01,2.156664090672377299e+01,2.320689552703613145e+01,2.390983061417934152e+01,8.761004508614755082e+01,1.085349713226166983e+02,9.054501642830446428e+01,5.486857023833839264e+01,2.482257037459936200e+01,6.220353687689630107e+01,4.296789499149208780e+01,5.337265217317824550e+01,5.680140843326259414e+01,3.130239607435672156e+01,5.369543742253985386e+01,3.967064405826236850e+01,1.966519768527407663e+01,3.837707649109444219e+01
4.208752784376782330e+01,2.366769950794560984e+01,3.131006228033916372e+01,2.047828117789169511e+01,3.151828516912484091e+01,2.138410624736451027e+01,2.833513719749520376e+01,3.557302348692488891e+01,1.657950542097856683e+01,2.523172606060662915e+01,2.054458566143771847e+01,2.823898015158284380e+01,1.592482338990789792e+01,2.261327044017861709e+01,nan,2.249622190498923402e+01,2.501839323377024371e+01,2.759130297755102390e+01,2.372846391994206172e+01,2.996531328054461696e+01,1.825595793162833047e+01,1.911648503258691534e+01,7.475506671790445523e+01,9.457018557665386993e+01,7.754946808329103192e+01,4.280000000001401617e+01,2.452101139827379583e+01,4.849907215608996580e+01,3.056010471178813503e+01,4.093702480639913688e+01,4.385612842008505652e+01,1.882976367360276981e+01,4.064283454676746743e+01,2.817090697861940285e+01,2.731739372646877229e+01,2.694884042028584048e+01
4.017561449436482945e+01,2.507907494297815632e+01,3.793257175567281791e+01,2.809412750025747485e+01,2.896358748498781921e+01,1.727888885322182588e+01,2.161110825475697084e+01,3.884327483621162003e+01,2.147370485036766397e+01,2.380588162619246972e+01,2.182475658515323858e+01,3.084412423781426682e+01,1.546609194333747972e+01,2.513961017994428815e+01,2.249622190498923402e+01,nan,2.552175542552679843e+01,2.556560189004295225e+01,1.643897807046026927e+01,2.631197446031593756e+01,1.557947367532374194e+01,1.236122971229896805e+01,6.921733886820715043e+01,8.988882021697318692e+01,7.192885373755404999e+01,3.734595024897698323e+01,1.375209075025810179e+01,4.660300419500443780e+01,2.820496410201418769e+01,3.719569867598026747e+01,4.075880273023127387e+01,2.303388807819463580e+01,3.739732610761140563e+01,2.400333310193783731e+01,2.301999131183267622e+01,2.483867951399761154e+01
2.819645367771698119e+01,1.547643369777345157e+01,1.968146336030168442e+01,1.514199458457298952e+01,3.743540302973023159e+01,2.013554071787637767e+01,4.005396359913213189e+01,5.289083096341346391e+01,2.145879772963758825e+01,4.014971979979232231e+01,3.282438118229015345e+01,4.179569355807407760e+01,1.828223181117853002e+01,1.312707126510022526e+01,2.501839323377024371e+01,2.552175542552679843e+01,nan,2.163700533808695070e+01,2.464792080485781867e+01,2.142148454236126298e+01,2.522221243270910662e+01,2.264155471698788347e+01,8.901864973139588244e+01,1.100756103775867558e+02,9.207214562504462663e+01,5.576235289156025488e+01,2.643633862697374326e+01,6.425822904502896904e+01,4.545415272556957831e+01,5.517100687857577412e+01,5.914456864323430807e+01,3.487119154825859368e+01,5.618540735812754150e+01,4.268957718224696407e+01,2.003996007996488515e+01,4.067431622046202477e+01
2.523806648694915111e+01,1.312707126519423717e+01,2.129788721919534566e+01,2.155922076503529894e+01,3.982141885968245276e+01,1.437776060442916126e+01,3.880206180090610246e+01,5.359253679384942615e+01,2.400333310185156677e+01,4.089205301767949408e+01,2.922464713220389498e+01,4.709479801423522360e+01,1.909554921959153617e+01,1.881701357814566578e+01,2.759130297755102390e+01,2.556560189004295225e+01,2.163700533808695070e+01,nan,2.778200856667074348e+01,1.400571311998162471e+01,2.598153190255003864e+01,2.414622123646185869e+01,8.792906231730825084e+01,1.092615211316470294e+02,9.063597519748046238e+01,5.569344665217844437e+01,2.398666296092713779e+01,6.335676759431443372e+01,4.452235393600967939e+01,5.487877549652184683e+01,5.768327313871675699e+01,3.603997780245585147e+01,5.453512629485081220e+01,4.275698773298553590e+01,1.497731618139122922e+01,4.134924424942380483e+01
4.369713949447412205e+01,2.855731079781313753e+01,3.903844259191816946e+01,3.012241690172838560e+01,2.966522206224902547e+01,1.922914454677390239e+01,2.117356842862219679e+01,3.940761347761129230e+01,1.651665825755011952e+01,2.710867019979540160e+01,2.190159811518269350e+01,3.076621523678852910e+01,1.973017992828745548e+01,2.535823337694784030e+01,2.372846391994206172e+01,1.643897807046026927e+01,2.464792080485781867e+01,2.778200856667074348e+01,nan,3.001599573559476397e+01,1.338058294688967820e+01,1.395421083403581619e+01,6.911208287991362909e+01,8.990394874532904623e+01,7.082485439449645526e+01,3.726875366845637672e+01,1.405133445627843791e+01,4.574713105764873688e+01,2.927114620239039056e+01,3.747852718562072027e+01,4.072935059633591948e+01,2.415284662316687303e+01,3.710309960099808535e+01,2.563123094966990934e+01,2.603689689655679018e+01,2.403996672205153473e+01
2.117734638711320727e+01,1.161378491270897229e+01,1.941957775026131472e+01,2.272267589871877647e+01,3.903200481657381005e+01,1.737124060057558950e+01,4.262206001588770476e+01,5.740383262464236225e+01,2.579612373984465634e+01,4.360366957035483182e+01,3.820785259601986894e+01,4.913165985391551516e+01,2.049390153189411024e+01,2.156664090672377299e+01,2.996531328054461696e+01,2.631197446031593756e+01,2.142148454236126298e+01,1.400571311998162471e+01,3.001599573559476397e+01,nan,2.805138142763080467e+01,2.636664559636820826e+01,9.224402419668749076e+01,1.137076954299922704e+02,9.544590090727002973e+01,5.755275840475722049e+01,2.585807417429920108e+01,6.745902460014558244e+01,4.978995882704441556e+01,5.919864863321306814e+01,6.306314296004357089e+01,3.950493640045418431e+01,6.046221960859421785e+01,4.716100083756577988e+01,1.232233744057973368e+01,4.300139532620597294e+01
4.452594749132244800e+01,2.583021486552606305e+01,3.686949958978565434e+01,2.779928056631403166e+01,3.001590078605513412e+01,1.736663467684819651e+01,1.948948434423375531e+01,3.400470555674983331e+01,1.348777224008967757e+01,2.016730026561329936e+01,1.380434714150677955e+01,2.396330528116880387e+01,1.587954659298356930e+01,2.320689552703613145e+01,1.825595793162833047e+01,1.557947367532374194e+01,2.522221243270910662e+01,2.598153190255003864e+01,1.338058294688967820e+01,2.805138142763080467e+01,nan,8.466404195465157656e+00,6.737358532835585834e+01,8.897640136575670056e+01,7.077287616029508399e+01,3.361428267864728525e+01,1.307822617951586253e+01,4.191038057569280539e+01,2.288055943373137424e+01,3.348790826553798894e+01,3.697783119653224304e+01,1.497197381770796376e+01,3.379704129061622808e+01,2.068816086559123235e+01,2.624804754638112669e+01,1.800888669523555308e+01
4.153456391969947958e+01,2.457966639319226587e+01,3.656883919405084526e+01,2.722939588018454060e+01,2.777483393292592950e+01,1.546609194352276795e+01,2.097617696338503990e+01,3.714404393709487096e+01,1.593486742958220859e+01,2.279298137586396322e+01,1.945661841125055957e+01,2.715584651599906962e+01,1.363524843934391306e+01,2.390983061417934152e+01,1.911648503258691534e+01,1.236122971229896805e+01,2.264155471698788347e+01,2.414622123646185869e+01,1.395421083403581619e+01,2.636664559636820826e+01,8.466404195465157656e+00,nan,6.866847894048532908e+01,8.981492080940245160e+01,7.152174494518193626e+01,3.575919462180880259e+01,1.143328474233863368e+01,4.470346742703961951e+01,2.642423130388201358e+01,3.622816583822243786e+01,4.011982053799171410e+01,1.806211504786150002e+01,3.671729837561080956e+01,2.425201022591551947e+01,2.295735176363920615e+01,2.164809460429901478e+01
1.101271991834894379e+02,9.207040784094306218e+01,1.016322783371657295e+02,8.975611399787199218e+01,7.073104677423715714e+01,8.062853093042767227e+01,5.239847326019751961e+01,4.397271881522244286e+01,7.565606386800038763e+01,5.291049045325093658e+01,6.311893535223963170e+01,5.009750492791840770e+01,8.003899049839363045e+01,8.761004508614755082e+01,7.475506671790445523e+01,6.921733886820715043e+01,8.901864973139588244e+01,8.792906231730825084e+01,6.911208287991362909e+01,9.224402419668749076e+01,6.737358532835585834e+01,6.866847894048532908e+01,nan,2.399999999997608668e+01,1.022936948198607432e+01,3.449753614390002809e+01,6.735220857549175832e+01,2.793134440013376008e+01,4.650505348888337664e+01,3.641977484828022682e+01,3.314694556067210840e+01,5.815427757271490350e+01,3.635161619516424025e+01,4.979638541103932425e+01,9.010482783957908737e+01,5.180270263220844384e+01
1.316698902558979114e+02,1.137203587753760416e+02,1.222986508510911534e+02,1.098529926765684763e+02,8.901899971980159876e+01,1.019450832556380391e+02,7.317267249455447597e+01,6.203869760073237671e+01,9.661138649247776300e+01,7.292077893166073466e+01,8.369946236388274485e+01,6.959080399021848962e+01,1.014763026524024667e+02,1.085349713226166983e+02,9.457018557665386993e+01,8.988882021697318692e+01,1.100756103775867558e+02,1.092615211316470294e+02,8.990394874532904623e+01,1.137076954299922704e+02,8.897640136575670056e+01,8.981492080940245160e+01,2.399999999997608668e+01,nan,1.819890106571410371e+01,5.476787379478327011e+01,8.683593726101955212e+01,4.763696044038245248e+01,6.619486384909403398e+01,5.606424885787098589e+01,5.288629312025285856e+01,7.693009814113264611e+01,5.623237501653740367e+01,7.002056840670162785e+01,1.117447090470136999e+02,7.327318745624289420e+01
1.139487604144948563e+02,9.732502247623955327e+01,1.069885975232889592e+02,9.533855463555777021e+01,7.392424094974283832e+01,8.394569673307069024e+01,5.636310850191085819e+01,4.895712409853379654e+01,7.910701612372214697e+01,5.565896154260326512e+01,6.581549969422124491e+01,5.614552520015173087e+01,8.399714280854794879e+01,9.054501642830446428e+01,7.754946808329103192e+01,7.192885373755404999e+01,9.207214562504462663e+01,9.063597519748046238e+01,7.082485439449645526e+01,9.544590090727002973e+01,7.077287616029508399e+01,7.152174494518193626e+01,1.022936948198607432e+01,1.819890106571410371e+01,nan,3.633400610998683788e+01,7.246847590501279512e+01,3.131006228026729588e+01,4.808658856686096783e+01,3.849363583763037866e+01,3.490100285088210796e+01,6.372315120895176932e+01,3.825179734341579518e+01,5.189373757979382873e+01,9.332352329396199764e+01,5.617401534519130735e+01
7.534348014261105675e+01,5.783286263017845386e+01,6.866731391281031449e+01,5.801517042980707117e+01,4.314962688135612012e+01,4.639310293564543741e+01,2.324134247411152998e+01,2.236067977501127046e+01,4.248105460083730378e+01,2.183208647835365568e+01,3.159493630314275237e+01,2.357286575708269538e+01,4.553679830640793114e+01,5.486857023833839264e+01,4.280000000001401617e+01,3.734595024897698323e+01,5.576235289156025488e+01,5.569344665217844437e+01,3.726875366845637672e+01,5.755275840475722049e+01,3.361428267864728525e+01,3.575919462180880259e+01,3.449753614390002809e+01,5.476787379478327011e+01,3.633400610998683788e+01,nan,3.784388986356080409e+01,1.155162326250989935e+01,1.441110682771204488e+01,1.022154587143883830e+01,8.217055433650950036e+00,2.735543821612959547e+01,9.138927726978103294e+00,1.819450466498888375e+01,5.536208088574732500e+01,1.848242408340014009e+01
4.152107898405333941e+01,2.416940214395907560e+01,3.739732610765742749e+01,2.961351043019880791e+01,3.460800918861171738e+01,1.350555441295664671e+01,2.861887489051361300e+01,4.306646026781414349e+01,1.632176461040453219e+01,2.733788579967244559e+01,2.216303228359010902e+01,3.171876416255385323e+01,1.518420231692382316e+01,2.482257037459936200e+01,2.452101139827379583e+01,1.375209075025810179e+01,2.643633862697374326e+01,2.398666296092713779e+01,1.405133445627843791e+01,2.585807417429920108e+01,1.307822617951586253e+01,1.143328474233863368e+01,6.735220857549175832e+01,8.683593726101955212e+01,7.246847590501279512e+01,3.784388986356080409e+01,nan,4.513446576619350736e+01,2.836617704240292426e+01,3.824133888870874642e+01,4.085290687332310000e+01,1.744018348526402562e+01,3.890295618586144855e+01,2.682685221932031183e+01,2.320689552700273239e+01,2.339914528357914847e+01
8.435069649979163842e+01,6.557316524309648287e+01,7.524254115858377645e+01,6.338958905059876514e+01,4.989724641702209595e+01,5.515940536299345354e+01,2.915064321760785759e+01,2.290152833329943860e+01,4.953059660452763069e+01,2.677909632527019568e+01,3.697566767478144811e+01,2.630589287591051928e+01,5.323457523075346387e+01,6.220353687689630107e+01,4.849907215608996580e+01,4.660300419500443780e+01,6.425822904502896904e+01,6.335676759431443372e+01,4.574713105764873688e+01,6.745902460014558244e+01,4.191038057569280539e+01,4.470346742703961951e+01,2.793134440013376008e+01,4.763696044038245248e+01,3.131006228026729588e+01,1.155162326250989935e+01,4.513446576619350736e+01,nan,2.034109141613827276e+01,1.014297786653146360e+01,7.735631842394576907e+00,3.262636970302854422e+01,1.074057726566267590e+01,2.404329428341852193e+01,6.497014699077625721e+01,2.576509266431139622e+01
6.547793521484931034e+01,4.591818811755040741e+01,5.620533782478754858e+01,4.512382962472525350e+01,3.789017550768716802e+01,3.628994351056706336e+01,1.503595690334729973e+01,1.955095905577542226e+01,3.101225564192759876e+01,9.583318840429098984e+00,1.950179478914439102e+01,1.497197381768430802e+01,3.388450973531428190e+01,4.296789499149208780e+01,3.056010471178813503e+01,2.820496410201418769e+01,4.545415272556957831e+01,4.452235393600967939e+01,2.927114620239039056e+01,4.978995882704441556e+01,2.288055943373137424e+01,2.642423130388201358e+01,4.650505348888337664e+01,6.619486384909403398e+01,4.808658856686096783e+01,1.441110682771204488e+01,2.836617704240292426e+01,2.034109141613827276e+01,nan,1.326046756338905475e+01,1.505191017781302598e+01,1.470238075955356472e+01,1.192644121264530455e+01,7.222188034084217279e+00,4.695018636811420265e+01,8.119113251848306234e+00
7.545064612049283426e+01,5.716362479759609982e+01,6.676406218916523017e+01,5.536930557627086102e+01,4.277044774139019978e+01,4.638275541621861464e+01,2.234994407157028462e+01,2.068816086548103783e+01,4.113587242299467306e+01,1.894412837795829674e+01,2.958918721420668874e+01,1.918332609319195825e+01,4.494085001419139047e+01,5.337265217317824550e+01,4.093702480639913688e+01,3.719569867598026747e+01,5.517100687857577412e+01,5.487877549652184683e+01,3.747852718562072027e+01,5.919864863321306814e+01,3.348790826553798894e+01,3.622816583822243786e+01,3.641977484828022682e+01,5.606424885787098589e+01,3.849363583763037866e+01,1.022154587143883830e+01,3.824133888870874642e+01,1.014297786653146360e+01,1.326046756338905475e+01,nan,7.745966692394833153e+00,2.458617497701549937e+01,8.935323161413604609e+00,1.638047618351432888e+01,5.649212334480381514e+01,1.826033953683874955e+01
7.967634529771083862e+01,6.012786375713900355e+01,7.000342848747102664e+01,5.838904006745477915e+01,4.611185530860775827e+01,5.018366268019969567e+01,2.469979757003217102e+01,2.211967450034808280e+01,4.409625834465515481e+01,2.221350940307398503e+01,3.161518622435394832e+01,2.239642828664174701e+01,4.799333287034251327e+01,5.680140843326259414e+01,4.385612842008505652e+01,4.075880273023127387e+01,5.914456864323430807e+01,5.768327313871675699e+01,4.072935059633591948e+01,6.306314296004357089e+01,3.697783119653224304e+01,4.011982053799171410e+01,3.314694556067210840e+01,5.288629312025285856e+01,3.490100285088210796e+01,8.217055433650950036e+00,4.085290687332310000e+01,7.735631842394576907e+00,1.505191017781302598e+01,7.745966692394833153e+00,nan,2.773301281868024759e+01,5.351635264144563919e+00,1.904520937135842829e+01,6.001599786722353969e+01,2.126781606095899591e+01
5.361641539677893320e+01,3.410337226726666415e+01,4.431342911578162358e+01,3.285117958313813347e+01,3.714893867182355081e+01,2.773589731739625464e+01,1.820769068280631942e+01,2.737297937749881171e+01,1.973423421373566455e+01,1.139122469273586447e+01,1.159310139689615049e+01,1.769067550998543936e+01,2.237498603345197878e+01,3.130239607435672156e+01,1.882976367360276981e+01,2.303388807819463580e+01,3.487119154825859368e+01,3.603997780245585147e+01,2.415284662316687303e+01,3.950493640045418431e+01,1.497197381770796376e+01,1.806211504786150002e+01,5.815427757271490350e+01,7.693009814113264611e+01,6.372315120895176932e+01,2.735543821612959547e+01,1.744018348526402562e+01,3.262636970302854422e+01,1.470238075955356472e+01,2.458617497701549937e+01,2.773301281868024759e+01,nan,2.483867951401132501e+01,1.341044369142950998e+01,3.772744359213724152e+01,1.217866987839306070e+01
7.651509654963513185e+01,5.696455038001988669e+01,6.674728458896099426e+01,5.531148162903793519e+01,4.363392258322362949e+01,4.726774798950825840e+01,2.199636333587310943e+01,2.086911593723140257e+01,4.062314611155234445e+01,2.026622806540902388e+01,2.853208720021246236e+01,1.994392137980755209e+01,4.495152945118216081e+01,5.369543742253985386e+01,4.064283454676746743e+01,3.739732610761140563e+01,5.618540735812754150e+01,5.453512629485081220e+01,3.710309960099808535e+01,6.046221960859421785e+01,3.379704129061622808e+01,3.671729837561080956e+01,3.635161619516424025e+01,5.623237501653740367e+01,3.825179734341579518e+01,9.138927726978103294e+00,3.890295618586144855e+01,1.074057726566267590e+01,1.192644121264530455e+01,8.935323161413604609e+00,5.351635264144563919e+00,2.483867951401132501e+01,nan,1.587450786638019373e+01,5.745258914968910346e+01,1.861612204509521362e+01
6.285093475836263366e+01,4.351183746981637768e+01,5.288326767511452431e+01,4.175547868244117211e+01,3.479404259352992312e+01,3.351656306960018838e+01,1.162067123711192274e+01,2.041176131547731742e+01,2.766658634532581829e+01,9.975971130796757791e+00,1.831283702759382237e+01,1.377534028616771700e+01,3.171624189591967635e+01,3.967064405826236850e+01,2.817090697861940285e+01,2.400333310193783731e+01,4.268957718224696407e+01,4.275698773298553590e+01,2.563123094966990934e+01,4.716100083756577988e+01,2.068816086559123235e+01,2.425201022591551947e+01,4.979638541103932425e+01,7.002056840670162785e+01,5.189373757979382873e+01,1.819450466498888375e+01,2.682685221932031183e+01,2.404329428341852193e+01,7.222188034084217279e+00,1.638047618351432888e+01,1.904520937135842829e+01,1.341044369142950998e+01,1.587450786638019373e+01,nan,4.447561129433670146e+01,8.625543461455636773e+00
2.093418257301927099e+01,9.234717104274441368e+00,2.071134954562140607e+01,2.029778313011283686e+01,3.790653505662236711e+01,1.335065541446740411e+01,4.031476156446834835e+01,5.482627107509804176e+01,2.236067977488620429e+01,4.148252644187299154e+01,3.533836442169617698e+01,4.574713105759771281e+01,1.652634260807882427e+01,1.966519768527407663e+01,2.731739372646877229e+01,2.301999131183267622e+01,2.003996007996488515e+01,1.497731618139122922e+01,2.603689689655679018e+01,1.232233744057973368e+01,2.624804754638112669e+01,2.295735176363920615e+01,9.010482783957908737e+01,1.117447090470136999e+02,9.332352329396199764e+01,5.536208088574732500e+01,2.320689552700273239e+01,6.497014699077625721e+01,4.695018636811420265e+01,5.649212334480381514e+01,6.001599786722353969e+01,3.772744359213724152e+01,5.745258914968910346e+01,4.447561129433670146e+01,nan,4.027704060622741622e+01
5.907554485571851899e+01,4.071756377779747282e+01,5.171305444472999824e+01,4.080784238355134619e+01,3.475586713060488364e+01,3.127427057501008179e+01,1.499866660737063384e+01,2.018316129849553420e+01,2.620228997626204404e+01,1.155162326253752170e+01,1.745852227416139257e+01,1.422111106768704936e+01,2.873604008905518015e+01,3.837707649109444219e+01,2.694884042028584048e+01,2.483867951399761154e+01,4.067431622046202477e+01,4.134924424942380483e+01,2.403996672205153473e+01,4.300139532620597294e+01,1.800888669523555308e+01,2.164809460429901478e+01,5.180270263220844384e+01,7.327318745624289420e+01,5.617401534519130735e+01,1.848242408340014009e+01,2.339914528357914847e+01,2.576509266431139622e+01,8.119113251848306234e+00,1.826033953683874955e+01,2.126781606095899591e+01,1.217866987839306070e+01,1.861612204509521362e+01,8.625543461455636773e+00,4.027704060622741622e+01,nan
